Longitude (x),Latitude (y),Station Name,Climate ID,Date/Time (LST),Year,Month,Day,Time (LST),Temp (°C),Temp Flag,Dew Point Temp (°C),Dew Point Temp Flag,Rel Hum (%),Rel Hum Flag,Precip. Amount (mm),Precip. Amount Flag,Wind Dir (10s deg),Wind Dir Flag,Wind Spd (km/h),Wind Spd Flag,Visibility (km),Visibility Flag,Stn Press (kPa),Stn Press Flag,Hmdx,Hmdx Flag,Wind Chill,Wind Chill Flag,Weather
-133.5,68.75,TRAIL VALLEY,220N005,01/03/2018 00:00,2018,3,1,00:00,-25.8,,-28.6,,77,,0,,27,,22,,,,102.52,,,,-38,,NA
-133.5,68.75,TRAIL VALLEY,220N005,01/03/2018 01:00,2018,3,1,01:00,-24.9,,-27.7,,77,,0,,26,,22,,,,102.59,,,,-37,,NA
-133.5,68.75,TRAIL VALLEY,220N005,01/03/2018 02:00,2018,3,1,02:00,-25.2,,-28.1,,77,,0,,26,,18,,,,102.63,,,,-36,,NA
-133.5,68.75,TRAIL VALLEY,220N005,01/03/2018 03:00,2018,3,1,03:00,-25.3,,-28,,79,,0,,26,,15,,,,102.71,,,,-36,,NA
-133.5,68.75,TRAIL VALLEY,220N005,01/03/2018 04:00,2018,3,1,04:00,-26.1,,-28.7,,78,,0,,25,,10,,,,102.76,,,,-34,,NA
-133.5,68.75,TRAIL VALLEY,220N005,01/03/2018 05:00,2018,3,1,05:00,-28,,-30.6,,78,,0,,32,,14,,,,102.8,,,,-39,,NA
-133.5,68.75,TRAIL VALLEY,220N005,01/03/2018 06:00,2018,3,1,06:00,-29.1,,-31.9,,77,,0,,29,,17,,,,102.85,,,,-41,,NA
-133.5,68.75,TRAIL VALLEY,220N005,01/03/2018 07:00,2018,3,1,07:00,-28,,-31.2,,74,,0,,28,,20,,,,102.87,,,,-41,,NA
-133.5,68.75,TRAIL VALLEY,220N005,01/03/2018 08:00,2018,3,1,08:00,-31.1,,-34.4,,73,,0,,25,,11,,,,102.92,,,,-41,,NA
-133.5,68.75,TRAIL VALLEY,220N005,01/03/2018 09:00,2018,3,1,09:00,-28.6,,-31.9,,73,,0,,27,,19,,,,102.95,,,,-41,,NA
-133.5,68.75,TRAIL VALLEY,220N005,01/03/2018 10:00,2018,3,1,10:00,-28.5,,-31.8,,73,,0,,27,,17,,,,102.95,,,,-40,,NA
-133.5,68.75,TRAIL VALLEY,220N005,01/03/2018 11:00,2018,3,1,11:00,-28.4,,-31.8,,73,,0,,28,,19,,,,102.96,,,,-41,,NA
-133.5,68.75,TRAIL VALLEY,220N005,01/03/2018 12:00,2018,3,1,12:00,-28,,-31.5,,72,,0,,28,,16,,,,102.95,,,,-39,,NA
-133.5,68.75,TRAIL VALLEY,220N005,01/03/2018 13:00,2018,3,1,13:00,-27.3,,-31.4,,68,,0,,28,,11,,,,102.93,,,,-36,,NA
-133.5,68.75,TRAIL VALLEY,220N005,01/03/2018 14:00,2018,3,1,14:00,-27.9,,-32,,68,,0,,27,,14,,,,102.93,,,,-38,,NA
-133.5,68.75,TRAIL VALLEY,220N005,01/03/2018 15:00,2018,3,1,15:00,-27.4,,-31.4,,68,,0,,32,,11,,,,102.96,,,,-37,,NA
-133.5,68.75,TRAIL VALLEY,220N005,01/03/2018 16:00,2018,3,1,16:00,-26.9,,-30.9,,69,,0,,24,,3,,,,102.95,,,,-30,,NA
-133.5,68.75,TRAIL VALLEY,220N005,01/03/2018 17:00,2018,3,1,17:00,-26.7,,-30.8,,69,,0,,9,,3,,,,102.86,,,,-30,,NA
-133.5,68.75,TRAIL VALLEY,220N005,01/03/2018 18:00,2018,3,1,18:00,-27.6,,-31.3,,71,,0,,19,,3,,,,102.84,,,,-31,,NA
-133.5,68.75,TRAIL VALLEY,220N005,01/03/2018 19:00,2018,3,1,19:00,-27.8,,-31.1,,73,,0,,12,,5,,,,102.83,,,,-33,,NA
-133.5,68.75,TRAIL VALLEY,220N005,01/03/2018 20:00,2018,3,1,20:00,-28.2,,-31.3,,75,,0,,12,,6,,,,102.77,,,,-34,,NA
-133.5,68.75,TRAIL VALLEY,220N005,01/03/2018 21:00,2018,3,1,21:00,-27.3,,-30.4,,75,,0,,21,,1,,,,102.77,,,,-28,,NA
-133.5,68.75,TRAIL VALLEY,220N005,01/03/2018 22:00,2018,3,1,22:00,-28.1,,-31,,76,,0,,10,,5,,,,102.72,,,,-33,,NA
-133.5,68.75,TRAIL VALLEY,220N005,01/03/2018 23:00,2018,3,1,23:00,-27.9,,-30.7,,76,,0,,17,,2,,,,102.67,,,,-30,,NA
-133.5,68.75,TRAIL VALLEY,220N005,02/03/2018 00:00,2018,3,2,00:00,-29.4,,-32.3,,76,,0,,7,,8,,,,102.63,,,,-37,,NA
-133.5,68.75,TRAIL VALLEY,220N005,02/03/2018 01:00,2018,3,2,01:00,-29.3,,-32,,77,,0,,7,,5,,,,102.59,,,,-35,,NA
-133.5,68.75,TRAIL VALLEY,220N005,02/03/2018 02:00,2018,3,2,02:00,-29.7,,-32.7,,75,,0,,8,,6,,,,102.54,,,,-36,,NA
-133.5,68.75,TRAIL VALLEY,220N005,02/03/2018 03:00,2018,3,2,03:00,-31.9,,-34.8,,75,,0,,3,,4,,,,102.53,,,,-37,,NA
-133.5,68.75,TRAIL VALLEY,220N005,02/03/2018 04:00,2018,3,2,04:00,-33.1,,-36.2,,74,,0,,27,,2,,,,102.49,,,,-36,,NA
-133.5,68.75,TRAIL VALLEY,220N005,02/03/2018 05:00,2018,3,2,05:00,-30.6,,-33.6,,75,,0,,36,,1,,,,102.46,,,,-32,,NA
-133.5,68.75,TRAIL VALLEY,220N005,02/03/2018 06:00,2018,3,2,06:00,-32.8,,-36,,73,,0,,1,,1,,,,102.41,,,,-34,,NA
-133.5,68.75,TRAIL VALLEY,220N005,02/03/2018 07:00,2018,3,2,07:00,-31.2,,-34,,76,,0,,14,,1,,,,102.38,,,,-32,,NA
-133.5,68.75,TRAIL VALLEY,220N005,02/03/2018 08:00,2018,3,2,08:00,-34.3,,-37.8,,71,,0,,6,,1,,,,102.32,,,,-36,,NA
-133.5,68.75,TRAIL VALLEY,220N005,02/03/2018 09:00,2018,3,2,09:00,-32.4,,-35.6,,74,,0,,14,,5,,,,102.26,,,,-38,,NA
-133.5,68.75,TRAIL VALLEY,220N005,02/03/2018 10:00,2018,3,2,10:00,-32.7,,-36,,72,,0,,12,,5,,,,102.21,,,,-39,,NA
-133.5,68.75,TRAIL VALLEY,220N005,02/03/2018 11:00,2018,3,2,11:00,-30.3,,-33.2,,75,,0,,14,,7,,,,102.13,,,,-38,,NA
-133.5,68.75,TRAIL VALLEY,220N005,02/03/2018 12:00,2018,3,2,12:00,-30.1,,-33.7,,71,,0,,12,,6,,,,102.04,,,,-37,,NA
-133.5,68.75,TRAIL VALLEY,220N005,02/03/2018 13:00,2018,3,2,13:00,-28.4,,-32.2,,70,,0,,12,,7,,,,101.97,,,,-35,,NA
-133.5,68.75,TRAIL VALLEY,220N005,02/03/2018 14:00,2018,3,2,14:00,-29.8,,-33.1,,73,,0,,11,,9,,,,101.89,,,,-38,,NA
-133.5,68.75,TRAIL VALLEY,220N005,02/03/2018 15:00,2018,3,2,15:00,-26.6,,-29.8,,74,,0,,12,,8,,,,101.8,,,,-34,,NA
-133.5,68.75,TRAIL VALLEY,220N005,02/03/2018 16:00,2018,3,2,16:00,-26.6,,-29.9,,74,,0,,10,,11,,,,101.73,,,,-36,,NA
-133.5,68.75,TRAIL VALLEY,220N005,02/03/2018 17:00,2018,3,2,17:00,-25.5,,-28.8,,74,,0,,11,,8,,,,101.66,,,,-33,,NA
-133.5,68.75,TRAIL VALLEY,220N005,02/03/2018 18:00,2018,3,2,18:00,-26.3,,-29.5,,74,,0,,14,,17,,,,101.58,,,,-38,,NA
-133.5,68.75,TRAIL VALLEY,220N005,02/03/2018 19:00,2018,3,2,19:00,-25.1,,-28.4,,75,,0,,13,,11,,,,101.53,,,,-34,,NA
-133.5,68.75,TRAIL VALLEY,220N005,02/03/2018 20:00,2018,3,2,20:00,-23.7,,-27.4,,71,,0,,15,,11,,,,101.51,,,,-32,,NA
-133.5,68.75,TRAIL VALLEY,220N005,02/03/2018 21:00,2018,3,2,21:00,-24.2,,-27.6,,74,,0,,14,,9,,,,101.47,,,,-32,,NA
-133.5,68.75,TRAIL VALLEY,220N005,02/03/2018 22:00,2018,3,2,22:00,-22.2,,-26,,71,,0,,13,,12,,,,101.41,,,,-31,,NA
-133.5,68.75,TRAIL VALLEY,220N005,02/03/2018 23:00,2018,3,2,23:00,-23.1,,-26.5,,73,,0,,14,,17,,,,101.36,,,,-34,,NA
-133.5,68.75,TRAIL VALLEY,220N005,03/03/2018 00:00,2018,3,3,00:00,-23.7,,-27.6,,70,,0,,14,,15,,,,101.31,,,,-34,,NA
-133.5,68.75,TRAIL VALLEY,220N005,03/03/2018 01:00,2018,3,3,01:00,-21.5,,-26.4,,65,,0,,13,,6,,,,101.32,,,,-27,,NA
-133.5,68.75,TRAIL VALLEY,220N005,03/03/2018 02:00,2018,3,3,02:00,-22.1,,-26.7,,66,,0,,16,,9,,,,101.31,,,,-29,,NA
-133.5,68.75,TRAIL VALLEY,220N005,03/03/2018 03:00,2018,3,3,03:00,-21.6,,-26.5,,65,,0,,17,,8,,,,101.3,,,,-28,,NA
-133.5,68.75,TRAIL VALLEY,220N005,03/03/2018 04:00,2018,3,3,04:00,-22.8,,-27.1,,68,,0,,15,,8,,,,101.26,,,,-30,,NA
-133.5,68.75,TRAIL VALLEY,220N005,03/03/2018 05:00,2018,3,3,05:00,-23.7,,-27.6,,71,,0,,17,,6,,,,101.26,,,,-29,,NA
-133.5,68.75,TRAIL VALLEY,220N005,03/03/2018 06:00,2018,3,3,06:00,-21.5,,-25.8,,69,,0,,22,,11,,,,101.25,,,,-29,,NA
-133.5,68.75,TRAIL VALLEY,220N005,03/03/2018 07:00,2018,3,3,07:00,-19.7,,-24,,69,,0,,25,,16,,,,101.24,,,,-29,,NA
-133.5,68.75,TRAIL VALLEY,220N005,03/03/2018 08:00,2018,3,3,08:00,-19.1,,-22.8,,72,,0,,22,,26,,,,101.18,,,,-31,,NA
-133.5,68.75,TRAIL VALLEY,220N005,03/03/2018 09:00,2018,3,3,09:00,-19.3,,-23.1,,72,,0,,23,,30,,,,101.17,,,,-32,,NA
-133.5,68.75,TRAIL VALLEY,220N005,03/03/2018 10:00,2018,3,3,10:00,-18.6,,-22.4,,72,,0,,22,,37,,,,101.14,,,,-32,,NA
-133.5,68.75,TRAIL VALLEY,220N005,03/03/2018 11:00,2018,3,3,11:00,-17.2,,-21.3,,71,,0,,26,,15,,,,101.17,,,,-26,,NA
-133.5,68.75,TRAIL VALLEY,220N005,03/03/2018 12:00,2018,3,3,12:00,-15.4,,-20,,68,,0,,26,,14,,,,101.15,,,,-23,,NA
-133.5,68.75,TRAIL VALLEY,220N005,03/03/2018 13:00,2018,3,3,13:00,-14.8,,-19.2,,69,,0,,23,,13,,,,101.17,,,,-22,,NA
-133.5,68.75,TRAIL VALLEY,220N005,03/03/2018 14:00,2018,3,3,14:00,-12.9,,-16.2,,76,,0,,26,,26,,,,101.17,,,,-23,,NA
-133.5,68.75,TRAIL VALLEY,220N005,03/03/2018 15:00,2018,3,3,15:00,-11.1,,-14.8,,74,,1,,25,,19,,,,101.21,,,,-19,,NA
-133.5,68.75,TRAIL VALLEY,220N005,03/03/2018 16:00,2018,3,3,16:00,-11.3,,-15,,74,,0,,27,,24,,,,101.21,,,,-20,,NA
-133.5,68.75,TRAIL VALLEY,220N005,03/03/2018 17:00,2018,3,3,17:00,-11.5,,-16,,69,,0,,22,,7,,,,101.19,,,,-16,,NA
-133.5,68.75,TRAIL VALLEY,220N005,03/03/2018 18:00,2018,3,3,18:00,-12.2,,-16.3,,72,,0,,27,,24,,,,101.16,,,,-21,,NA
-133.5,68.75,TRAIL VALLEY,220N005,03/03/2018 19:00,2018,3,3,19:00,-11.7,,-15.6,,73,,0,,26,,22,,,,101.23,,,,-20,,NA
-133.5,68.75,TRAIL VALLEY,220N005,03/03/2018 20:00,2018,3,3,20:00,-11.9,,-15.8,,73,,0,,24,,15,,,,101.23,,,,-19,,NA
-133.5,68.75,TRAIL VALLEY,220N005,03/03/2018 21:00,2018,3,3,21:00,-11.5,,-15.2,,74,,0,,24,,17,,,,101.21,,,,-19,,NA
-133.5,68.75,TRAIL VALLEY,220N005,03/03/2018 22:00,2018,3,3,22:00,-10.2,,-14.3,,72,,0,,24,,17,,,,101.19,,,,-17,,NA
-133.5,68.75,TRAIL VALLEY,220N005,03/03/2018 23:00,2018,3,3,23:00,-11,,-15,,72,,0,,28,,16,,,,101.2,,,,-18,,NA
-133.5,68.75,TRAIL VALLEY,220N005,04/03/2018 00:00,2018,3,4,00:00,-11.5,,-16,,69,,0,,25,,26,,,,101.21,,,,-21,,NA
-133.5,68.75,TRAIL VALLEY,220N005,04/03/2018 01:00,2018,3,4,01:00,-11.6,,-16.1,,70,,0,,27,,24,,,,101.21,,,,-21,,NA
-133.5,68.75,TRAIL VALLEY,220N005,04/03/2018 02:00,2018,3,4,02:00,-12.5,,-16.2,,74,,0,,26,,28,,,,101.28,,,,-22,,NA
-133.5,68.75,TRAIL VALLEY,220N005,04/03/2018 03:00,2018,3,4,03:00,-11.5,,-15.1,,75,,0,,26,,26,,,,101.28,,,,-21,,NA
-133.5,68.75,TRAIL VALLEY,220N005,04/03/2018 04:00,2018,3,4,04:00,-11.7,,-15.1,,76,,0,,26,,20,,,,101.35,,,,-20,,NA
-133.5,68.75,TRAIL VALLEY,220N005,04/03/2018 05:00,2018,3,4,05:00,-10.3,,-13.9,,75,,0,,26,,23,,,,101.35,,,,-19,,NA
-133.5,68.75,TRAIL VALLEY,220N005,04/03/2018 06:00,2018,3,4,06:00,-10.6,,-13.6,,79,,0,,26,,25,,,,101.39,,,,-20,,NA
-133.5,68.75,TRAIL VALLEY,220N005,04/03/2018 07:00,2018,3,4,07:00,-10.2,,-12.3,,84,,0,,26,,25,,,,101.44,,,,-19,,NA
-133.5,68.75,TRAIL VALLEY,220N005,04/03/2018 08:00,2018,3,4,08:00,-9.9,,-11.8,,86,,0,,26,,27,,,,101.46,,,,-19,,NA
-133.5,68.75,TRAIL VALLEY,220N005,04/03/2018 09:00,2018,3,4,09:00,-10.6,,-12.2,,88,,0,,26,,16,,,,101.51,,,,-18,,NA
-133.5,68.75,TRAIL VALLEY,220N005,04/03/2018 10:00,2018,3,4,10:00,-10.7,,-12.2,,88,,0,,26,,18,,,,101.56,,,,-18,,NA
-133.5,68.75,TRAIL VALLEY,220N005,04/03/2018 11:00,2018,3,4,11:00,-10.2,,-11.8,,88,,0,,26,,21,,,,101.59,,,,-18,,NA
-133.5,68.75,TRAIL VALLEY,220N005,04/03/2018 12:00,2018,3,4,12:00,-9.8,,-11.2,,89,,0,,26,,21,,,,101.64,,,,-18,,NA
-133.5,68.75,TRAIL VALLEY,220N005,04/03/2018 13:00,2018,3,4,13:00,-8.7,,-10.2,,89,,0,,26,,23,,,,101.65,,,,-17,,NA
-133.5,68.75,TRAIL VALLEY,220N005,04/03/2018 14:00,2018,3,4,14:00,-8.9,,-10.5,,89,,0,,26,,23,,,,101.68,,,,-17,,NA
-133.5,68.75,TRAIL VALLEY,220N005,04/03/2018 15:00,2018,3,4,15:00,-8.2,,-9.7,,89,,0,,26,,22,,,,101.72,,,,-16,,NA
-133.5,68.75,TRAIL VALLEY,220N005,04/03/2018 16:00,2018,3,4,16:00,-7.7,,-9.5,,87,,0,,24,,12,,,,101.74,,,,-13,,NA
-133.5,68.75,TRAIL VALLEY,220N005,04/03/2018 17:00,2018,3,4,17:00,-9,,-10.2,,91,,0,,24,,17,,,,101.77,,,,-16,,NA
-133.5,68.75,TRAIL VALLEY,220N005,04/03/2018 18:00,2018,3,4,18:00,-9.3,,-10.8,,89,,0,,22,,20,,,,101.79,,,,-17,,NA
-133.5,68.75,TRAIL VALLEY,220N005,04/03/2018 19:00,2018,3,4,19:00,-9.3,,-10.8,,89,,0,,22,,25,,,,101.8,,,,-18,,NA
-133.5,68.75,TRAIL VALLEY,220N005,04/03/2018 20:00,2018,3,4,20:00,-9,,-10.7,,88,,0,,24,,22,,,,101.83,,,,-17,,NA
-133.5,68.75,TRAIL VALLEY,220N005,04/03/2018 21:00,2018,3,4,21:00,-9.6,,-11.2,,88,,0,,27,,27,,,,101.84,,,,-19,,NA
-133.5,68.75,TRAIL VALLEY,220N005,04/03/2018 22:00,2018,3,4,22:00,-11.5,,-13,,89,,0,,25,,23,,,,101.84,,,,-20,,NA
-133.5,68.75,TRAIL VALLEY,220N005,04/03/2018 23:00,2018,3,4,23:00,-11.1,,-12.3,,90,,0,,25,,20,,,,101.82,,,,-19,,NA
-133.5,68.75,TRAIL VALLEY,220N005,05/03/2018 00:00,2018,3,5,00:00,-12.5,,-13.7,,91,,0,,25,,11,,,,101.81,,,,-19,,NA
-133.5,68.75,TRAIL VALLEY,220N005,05/03/2018 01:00,2018,3,5,01:00,-12.6,,-13.8,,90,,0,,26,,11,,,,101.78,,,,-19,,NA
-133.5,68.75,TRAIL VALLEY,220N005,05/03/2018 02:00,2018,3,5,02:00,-12.8,,-14,,91,,0,,29,,4,,,,101.75,,,,-15,,NA
-133.5,68.75,TRAIL VALLEY,220N005,05/03/2018 03:00,2018,3,5,03:00,-13.5,,-14.7,,90,,0,,23,,5,,,,101.73,,,,-17,,NA
-133.5,68.75,TRAIL VALLEY,220N005,05/03/2018 04:00,2018,3,5,04:00,-14.6,,-16.1,,88,,0,,11,,6,,,,101.69,,,,-19,,NA
-133.5,68.75,TRAIL VALLEY,220N005,05/03/2018 05:00,2018,3,5,05:00,-14.8,,-16.2,,89,,0,,11,,9,,,,101.65,,,,-21,,NA
-133.5,68.75,TRAIL VALLEY,220N005,05/03/2018 06:00,2018,3,5,06:00,-13.5,,-14.9,,89,,0,,22,,34,,,,101.54,,,,-25,,NA
-133.5,68.75,TRAIL VALLEY,220N005,05/03/2018 07:00,2018,3,5,07:00,-13.8,,-15.4,,87,,0,,21,,38,,,,101.5,,,,-26,,NA
-133.5,68.75,TRAIL VALLEY,220N005,05/03/2018 08:00,2018,3,5,08:00,-14.3,,-16.3,,85,,0,,21,,35,,,,101.46,,,,-26,,NA
-133.5,68.75,TRAIL VALLEY,220N005,05/03/2018 09:00,2018,3,5,09:00,-13.8,,-16.2,,82,,0,,21,,38,,,,101.43,,,,-26,,NA
-133.5,68.75,TRAIL VALLEY,220N005,05/03/2018 10:00,2018,3,5,10:00,-14.6,,-17.1,,81,,0,,22,,37,,,,101.41,,,,-27,,NA
-133.5,68.75,TRAIL VALLEY,220N005,05/03/2018 11:00,2018,3,5,11:00,-13.9,,-16.6,,80,,0,,21,,39,,,,101.35,,,,-26,,NA
-133.5,68.75,TRAIL VALLEY,220N005,05/03/2018 12:00,2018,3,5,12:00,-13.1,,-16.3,,77,,0,,22,,39,,,,101.33,,,,-25,,NA
-133.5,68.75,TRAIL VALLEY,220N005,05/03/2018 13:00,2018,3,5,13:00,-13,,-16.2,,76,,0,,21,,43,,,,101.31,,,,-25,,NA
-133.5,68.75,TRAIL VALLEY,220N005,05/03/2018 14:00,2018,3,5,14:00,-12.6,,-15.9,,76,,0,,21,,37,,,,101.27,,,,-24,,NA
-133.5,68.75,TRAIL VALLEY,220N005,05/03/2018 15:00,2018,3,5,15:00,-12.2,,-15.5,,76,,0,,21,,37,,,,101.25,,,,-23,,NA
-133.5,68.75,TRAIL VALLEY,220N005,05/03/2018 16:00,2018,3,5,16:00,-11.2,,-15,,73,,0,,21,,37,,,,101.23,,,,-22,,NA
-133.5,68.75,TRAIL VALLEY,220N005,05/03/2018 17:00,2018,3,5,17:00,-11.2,,-15.1,,73,,0,,21,,37,,,,101.21,,,,-22,,NA
-133.5,68.75,TRAIL VALLEY,220N005,05/03/2018 18:00,2018,3,5,18:00,-12,,-15.6,,74,,0,,20,,36,,,,101.18,,,,-23,,NA
-133.5,68.75,TRAIL VALLEY,220N005,05/03/2018 19:00,2018,3,5,19:00,-11.3,,-15.2,,73,,0,,21,,38,,,,101.14,,,,-22,,NA
-133.5,68.75,TRAIL VALLEY,220N005,05/03/2018 20:00,2018,3,5,20:00,-11.6,,-15.5,,72,,0,,21,,35,,,,101.13,,,,-22,,NA
-133.5,68.75,TRAIL VALLEY,220N005,05/03/2018 21:00,2018,3,5,21:00,-10.8,,-14.8,,72,,0,,21,,35,,,,101.08,,,,-21,,NA
-133.5,68.75,TRAIL VALLEY,220N005,05/03/2018 22:00,2018,3,5,22:00,-11.2,,-15.3,,72,,0,,21,,35,,,,101.06,,,,-22,,NA
-133.5,68.75,TRAIL VALLEY,220N005,05/03/2018 23:00,2018,3,5,23:00,-11.8,,-15.6,,73,,0,,21,,33,,,,101.03,,,,-22,,NA
-133.5,68.75,TRAIL VALLEY,220N005,06/03/2018 00:00,2018,3,6,00:00,-12.1,,-16,,73,,0,,21,,32,,,,101.01,,,,-23,,NA
-133.5,68.75,TRAIL VALLEY,220N005,06/03/2018 01:00,2018,3,6,01:00,-11.6,,-15.7,,71,,0,,33,,6,,,,101.09,,,,-15,,NA
-133.5,68.75,TRAIL VALLEY,220N005,06/03/2018 02:00,2018,3,6,02:00,-11.8,,-16.5,,68,,0,,23,,10,,,,101.09,,,,-17,,NA
-133.5,68.75,TRAIL VALLEY,220N005,06/03/2018 03:00,2018,3,6,03:00,-16.1,,-18.8,,80,,0,,17,,8,,,,101.06,,,,-22,,NA
-133.5,68.75,TRAIL VALLEY,220N005,06/03/2018 04:00,2018,3,6,04:00,-15.9,,-19.5,,74,,0,,19,,6,,,,101.04,,,,-20,,NA
-133.5,68.75,TRAIL VALLEY,220N005,06/03/2018 05:00,2018,3,6,05:00,-14.7,,-17.7,,78,,0,,21,,6,,,,101.02,,,,-19,,NA
-133.5,68.75,TRAIL VALLEY,220N005,06/03/2018 06:00,2018,3,6,06:00,,,,,,,,,,,,,,,,,,,,,
-133.5,68.75,TRAIL VALLEY,220N005,06/03/2018 07:00,2018,3,6,07:00,-15.4,,-18.7,,75,,0,,20,,12,,,,100.92,,,,-22,,NA
-133.5,68.75,TRAIL VALLEY,220N005,06/03/2018 08:00,2018,3,6,08:00,-14.7,,-17.3,,80,,0,,22,,14,,,,100.86,,,,-22,,NA
-133.5,68.75,TRAIL VALLEY,220N005,06/03/2018 09:00,2018,3,6,09:00,-14.3,,-17.2,,79,,0,,21,,16,,,,100.83,,,,-22,,NA
-133.5,68.75,TRAIL VALLEY,220N005,06/03/2018 10:00,2018,3,6,10:00,-12.4,,-16.1,,74,,0,,22,,22,,,,100.77,,,,-21,,NA
-133.5,68.75,TRAIL VALLEY,220N005,06/03/2018 11:00,2018,3,6,11:00,-11.2,,-15.5,,70,,0,,22,,21,,,,100.76,,,,-20,,NA
-133.5,68.75,TRAIL VALLEY,220N005,06/03/2018 12:00,2018,3,6,12:00,-10.2,,-14.8,,69,,0,,24,,20,,,,100.74,,,,-18,,NA
-133.5,68.75,TRAIL VALLEY,220N005,06/03/2018 13:00,2018,3,6,13:00,-11.2,,-15,,73,,0,,27,,6,,,,100.78,,,,-15,,NA
-133.5,68.75,TRAIL VALLEY,220N005,06/03/2018 14:00,2018,3,6,14:00,-12.4,,-16.2,,73,,0,,18,,5,,,,100.76,,,,-16,,NA
-133.5,68.75,TRAIL VALLEY,220N005,06/03/2018 15:00,2018,3,6,15:00,-11.8,,-16.6,,68,,0,,17,,1,,,,100.72,,,,-12,,NA
-133.5,68.75,TRAIL VALLEY,220N005,06/03/2018 16:00,2018,3,6,16:00,-11.6,,-16.1,,69,,0,,17,,4,,,,100.71,,,,-14,,NA
-133.5,68.75,TRAIL VALLEY,220N005,06/03/2018 17:00,2018,3,6,17:00,-11.9,,-15.6,,74,,0,,17,,7,,,,100.67,,,,-16,,NA
-133.5,68.75,TRAIL VALLEY,220N005,06/03/2018 18:00,2018,3,6,18:00,-12,,-15.9,,73,,0,,16,,5,,,,100.64,,,,-15,,NA
-133.5,68.75,TRAIL VALLEY,220N005,06/03/2018 19:00,2018,3,6,19:00,-11.8,,-15.5,,74,,0,,16,,2,,,,100.6,,,,-13,,NA
-133.5,68.75,TRAIL VALLEY,220N005,06/03/2018 20:00,2018,3,6,20:00,-12.7,,-16.2,,75,,0,,20,,3,,,,100.57,,,,-15,,NA
-133.5,68.75,TRAIL VALLEY,220N005,06/03/2018 21:00,2018,3,6,21:00,-14,,-17.4,,75,,0,,25,,4,,,,100.55,,,,-17,,NA
-133.5,68.75,TRAIL VALLEY,220N005,06/03/2018 22:00,2018,3,6,22:00,-13.6,,-16.2,,81,,0,,25,,4,,,,100.54,,,,-16,,NA
-133.5,68.75,TRAIL VALLEY,220N005,06/03/2018 23:00,2018,3,6,23:00,-14.7,,-17.1,,82,,0,,25,,9,,,,100.53,,,,-20,,NA
-133.5,68.75,TRAIL VALLEY,220N005,07/03/2018 00:00,2018,3,7,00:00,-12.6,,-15.4,,79,,0,,26,,11,,,,100.52,,,,-19,,NA
-133.5,68.75,TRAIL VALLEY,220N005,07/03/2018 01:00,2018,3,7,01:00,-12.4,,-15.4,,78,,0,,25,,11,,,,100.51,,,,-18,,NA
-133.5,68.75,TRAIL VALLEY,220N005,07/03/2018 02:00,2018,3,7,02:00,-12.2,,-15.4,,77,,0,,25,,10,,,,100.5,,,,-18,,NA
-133.5,68.75,TRAIL VALLEY,220N005,07/03/2018 03:00,2018,3,7,03:00,-13,,-15.7,,80,,0,,25,,13,,,,100.51,,,,-20,,NA
-133.5,68.75,TRAIL VALLEY,220N005,07/03/2018 04:00,2018,3,7,04:00,-11.3,,-14.7,,76,,0,,26,,11,,,,100.5,,,,-17,,NA
-133.5,68.75,TRAIL VALLEY,220N005,07/03/2018 05:00,2018,3,7,05:00,-10.1,,-13.7,,75,,0,,26,,10,,,,100.5,,,,-15,,NA
-133.5,68.75,TRAIL VALLEY,220N005,07/03/2018 06:00,2018,3,7,06:00,-10,,-13.6,,75,,0,,25,,11,,,,100.5,,,,-16,,NA
-133.5,68.75,TRAIL VALLEY,220N005,07/03/2018 07:00,2018,3,7,07:00,-11.3,,-14.1,,80,,0,,3,,8,,,,100.5,,,,-16,,NA
-133.5,68.75,TRAIL VALLEY,220N005,07/03/2018 08:00,2018,3,7,08:00,-12.2,,-14.3,,84,,0,,24,,6,,,,100.47,,,,-16,,NA
-133.5,68.75,TRAIL VALLEY,220N005,07/03/2018 09:00,2018,3,7,09:00,-10.5,,-13.2,,80,,0,,27,,4,,,,100.45,,,,-13,,NA
-133.5,68.75,TRAIL VALLEY,220N005,07/03/2018 10:00,2018,3,7,10:00,-9.4,,-12.5,,78,,0,,22,,12,,,,100.43,,,,-15,,NA
-133.5,68.75,TRAIL VALLEY,220N005,07/03/2018 11:00,2018,3,7,11:00,-8.4,,-12.3,,73,,0,,21,,14,,,,100.42,,,,-15,,NA
-133.5,68.75,TRAIL VALLEY,220N005,07/03/2018 12:00,2018,3,7,12:00,-7.5,,-12.4,,68,,0,,22,,8,,,,100.42,,,,-12,,NA
-133.5,68.75,TRAIL VALLEY,220N005,07/03/2018 13:00,2018,3,7,13:00,-8.2,,-12.1,,73,,0,,21,,15,,,,100.42,,,,-15,,NA
-133.5,68.75,TRAIL VALLEY,220N005,07/03/2018 14:00,2018,3,7,14:00,-7.1,,-11.3,,72,,0,,22,,14,,,,100.42,,,,-13,,NA
-133.5,68.75,TRAIL VALLEY,220N005,07/03/2018 15:00,2018,3,7,15:00,-7.6,,-11.3,,75,,0,,24,,13,,,,100.41,,,,-13,,NA
-133.5,68.75,TRAIL VALLEY,220N005,07/03/2018 16:00,2018,3,7,16:00,-7,,-11.2,,72,,0,,23,,6,,,,100.39,,,,-10,,NA
-133.5,68.75,TRAIL VALLEY,220N005,07/03/2018 17:00,2018,3,7,17:00,-7.7,,-11.4,,74,,0,,26,,9,,,,100.37,,,,-12,,NA
-133.5,68.75,TRAIL VALLEY,220N005,07/03/2018 18:00,2018,3,7,18:00,-8.4,,-11.9,,76,,0,,30,,2,,,,100.36,,,,-9,,NA
-133.5,68.75,TRAIL VALLEY,220N005,07/03/2018 19:00,2018,3,7,19:00,-9.1,,-12.1,,79,,0,,22,,2,,,,100.31,,,,-10,,NA
-133.5,68.75,TRAIL VALLEY,220N005,07/03/2018 20:00,2018,3,7,20:00,-7.8,,-11.7,,73,,0,,21,,10,,,,100.27,,,,-13,,NA
-133.5,68.75,TRAIL VALLEY,220N005,07/03/2018 21:00,2018,3,7,21:00,-8,,-11.7,,75,,0,,17,,10,,,,100.21,,,,-13,,NA
-133.5,68.75,TRAIL VALLEY,220N005,07/03/2018 22:00,2018,3,7,22:00,-9.5,,-12.4,,79,,0,,20,,7,,,,100.18,,,,-13,,NA
-133.5,68.75,TRAIL VALLEY,220N005,07/03/2018 23:00,2018,3,7,23:00,-10.3,,-12.8,,82,,0,,23,,4,,,,100.14,,,,-13,,NA
-133.5,68.75,TRAIL VALLEY,220N005,08/03/2018 00:00,2018,3,8,00:00,-10,,-12.8,,80,,0,,23,,5,,,,100.08,,,,-13,,NA
-133.5,68.75,TRAIL VALLEY,220N005,08/03/2018 01:00,2018,3,8,01:00,-9.8,,-12.8,,79,,0,,19,,5,,,,100.02,,,,-13,,NA
-133.5,68.75,TRAIL VALLEY,220N005,08/03/2018 02:00,2018,3,8,02:00,-9.4,,-13.3,,74,,0,,23,,5,,,,99.98,,,,-12,,NA
-133.5,68.75,TRAIL VALLEY,220N005,08/03/2018 03:00,2018,3,8,03:00,-10.5,,-13.6,,78,,0,,19,,4,,,,99.91,,,,-13,,NA
-133.5,68.75,TRAIL VALLEY,220N005,08/03/2018 04:00,2018,3,8,04:00,-10.4,,-13.9,,76,,0,,15,,3,,,,99.84,,,,-12,,NA
-133.5,68.75,TRAIL VALLEY,220N005,08/03/2018 05:00,2018,3,8,05:00,-11,,-14.2,,77,,0,,16,,6,,,,99.76,,,,-15,,NA
-133.5,68.75,TRAIL VALLEY,220N005,08/03/2018 06:00,2018,3,8,06:00,-10.8,,-14.4,,75,,0,,17,,6,,,,99.68,,,,-14,,NA
-133.5,68.75,TRAIL VALLEY,220N005,08/03/2018 07:00,2018,3,8,07:00,-10.4,,-14.8,,70,,0,,19,,11,,,,99.61,,,,-16,,NA
-133.5,68.75,TRAIL VALLEY,220N005,08/03/2018 08:00,2018,3,8,08:00,-10.9,,-15.1,,71,,0,,21,,9,,,,99.53,,,,-16,,NA
-133.5,68.75,TRAIL VALLEY,220N005,08/03/2018 09:00,2018,3,8,09:00,-10.8,,-15.1,,71,,0,,16,,7,,,,99.46,,,,-15,,NA
-133.5,68.75,TRAIL VALLEY,220N005,08/03/2018 10:00,2018,3,8,10:00,-11.1,,-15.1,,72,,0,,13,,11,,,,99.4,,,,-17,,NA
-133.5,68.75,TRAIL VALLEY,220N005,08/03/2018 11:00,2018,3,8,11:00,-10.7,,-14.6,,73,,0,,8,,6,,,,99.35,,,,-14,,NA
-133.5,68.75,TRAIL VALLEY,220N005,08/03/2018 12:00,2018,3,8,12:00,-9.8,,-14.1,,71,,0,,4,,5,,,,99.29,,,,-13,,NA
-133.5,68.75,TRAIL VALLEY,220N005,08/03/2018 13:00,2018,3,8,13:00,-10.3,,-14.2,,73,,0,,18,,15,,,,99.24,,,,-17,,NA
-133.5,68.75,TRAIL VALLEY,220N005,08/03/2018 14:00,2018,3,8,14:00,-9.5,,-14.1,,69,,0,,19,,14,,,,99.2,,,,-16,,NA
-133.5,68.75,TRAIL VALLEY,220N005,08/03/2018 15:00,2018,3,8,15:00,-9,,-14.5,,64,,0,,18,,19,,,,99.15,,,,-16,,NA
-133.5,68.75,TRAIL VALLEY,220N005,08/03/2018 16:00,2018,3,8,16:00,-9.5,,-15.2,,63,,0,,17,,21,,,,99.1,,,,-17,,NA
-133.5,68.75,TRAIL VALLEY,220N005,08/03/2018 17:00,2018,3,8,17:00,-9.6,,-15.2,,63,,0,,16,,17,,,,99.06,,,,-17,,NA
-133.5,68.75,TRAIL VALLEY,220N005,08/03/2018 18:00,2018,3,8,18:00,-10.7,,-15.8,,66,,0,,16,,17,,,,99.01,,,,-18,,NA
-133.5,68.75,TRAIL VALLEY,220N005,08/03/2018 19:00,2018,3,8,19:00,-10.9,,-15.7,,68,,0,,15,,22,,,,98.97,,,,-19,,NA
-133.5,68.75,TRAIL VALLEY,220N005,08/03/2018 20:00,2018,3,8,20:00,-12.1,,-16.4,,71,,0,,15,,19,,,,98.92,,,,-20,,NA
-133.5,68.75,TRAIL VALLEY,220N005,08/03/2018 21:00,2018,3,8,21:00,-13.2,,-16.6,,76,,0,,14,,17,,,,98.89,,,,-21,,NA
-133.5,68.75,TRAIL VALLEY,220N005,08/03/2018 22:00,2018,3,8,22:00,-12.8,,-15.8,,78,,0,,16,,18,,,,98.86,,,,-21,,NA
-133.5,68.75,TRAIL VALLEY,220N005,08/03/2018 23:00,2018,3,8,23:00,-14.1,,-17,,79,,0,,16,,14,,,,98.83,,,,-22,,NA
-133.5,68.75,TRAIL VALLEY,220N005,09/03/2018 00:00,2018,3,9,00:00,-13.9,,-17.6,,74,,0,,18,,18,,,,98.81,,,,-22,,NA
-133.5,68.75,TRAIL VALLEY,220N005,09/03/2018 01:00,2018,3,9,01:00,-16.1,,-19,,78,,0,,12,,5,,,,98.8,,,,-20,,NA
-133.5,68.75,TRAIL VALLEY,220N005,09/03/2018 02:00,2018,3,9,02:00,-15.2,,-18.4,,77,,0,,8,,6,,,,98.81,,,,-19,,NA
-133.5,68.75,TRAIL VALLEY,220N005,09/03/2018 03:00,2018,3,9,03:00,-15.4,,-18.7,,75,,0,,12,,8,,,,98.81,,,,-21,,NA
-133.5,68.75,TRAIL VALLEY,220N005,09/03/2018 04:00,2018,3,9,04:00,-16.1,,-19,,78,,0,,13,,10,,,,98.79,,,,-23,,NA
-133.5,68.75,TRAIL VALLEY,220N005,09/03/2018 05:00,2018,3,9,05:00,-19.9,,-22,,83,,0,,11,,13,,,,98.77,,,,-28,,NA
-133.5,68.75,TRAIL VALLEY,220N005,09/03/2018 06:00,2018,3,9,06:00,-20.3,,-21.9,,88,,0,,11,,10,,,,98.77,,,,-28,,NA
-133.5,68.75,TRAIL VALLEY,220N005,09/03/2018 07:00,2018,3,9,07:00,-19,,-20.9,,85,,0,,14,,11,,,,98.77,,,,-26,,NA
-133.5,68.75,TRAIL VALLEY,220N005,09/03/2018 08:00,2018,3,9,08:00,-21.1,,-22.8,,86,,0,,11,,7,,,,98.76,,,,-27,,NA
-133.5,68.75,TRAIL VALLEY,220N005,09/03/2018 09:00,2018,3,9,09:00,-22.1,,-24.2,,83,,0,,9,,9,,,,98.76,,,,-29,,NA
-133.5,68.75,TRAIL VALLEY,220N005,09/03/2018 10:00,2018,3,9,10:00,-21.7,,-24,,81,,0,,11,,7,,,,98.75,,,,-28,,NA
-133.5,68.75,TRAIL VALLEY,220N005,09/03/2018 11:00,2018,3,9,11:00,-20.6,,-22.8,,83,,0,,11,,6,,,,98.74,,,,-26,,NA
-133.5,68.75,TRAIL VALLEY,220N005,09/03/2018 12:00,2018,3,9,12:00,-21.4,,-24,,79,,0,,4,,5,,,,98.73,,,,-26,,NA
-133.5,68.75,TRAIL VALLEY,220N005,09/03/2018 13:00,2018,3,9,13:00,-20.4,,-23.6,,76,,0,,5,,4,,,,98.75,,,,-24,,NA
-133.5,68.75,TRAIL VALLEY,220N005,09/03/2018 14:00,2018,3,9,14:00,-19.6,,-22.9,,75,,0,,5,,11,,,,98.73,,,,-27,,NA
-133.5,68.75,TRAIL VALLEY,220N005,09/03/2018 15:00,2018,3,9,15:00,-18,,-21.5,,74,,0,,6,,13,,,,98.73,,,,-26,,NA
-133.5,68.75,TRAIL VALLEY,220N005,09/03/2018 16:00,2018,3,9,16:00,-17.8,,-21.3,,74,,0,,8,,20,,,,98.74,,,,-28,,NA
-133.5,68.75,TRAIL VALLEY,220N005,09/03/2018 17:00,2018,3,9,17:00,-17.8,,-21.3,,74,,0,,7,,15,,,,98.74,,,,-26,,NA
-133.5,68.75,TRAIL VALLEY,220N005,09/03/2018 18:00,2018,3,9,18:00,-19.6,,-22.4,,78,,0,,5,,17,,,,98.77,,,,-29,,NA
-133.5,68.75,TRAIL VALLEY,220N005,09/03/2018 19:00,2018,3,9,19:00,-20.9,,-23.6,,79,,0,,6,,12,,,,98.82,,,,-29,,NA
-133.5,68.75,TRAIL VALLEY,220N005,09/03/2018 20:00,2018,3,9,20:00,-20,,-22.1,,83,,0,,7,,4,,,,98.86,,,,-23,,NA
-133.5,68.75,TRAIL VALLEY,220N005,09/03/2018 21:00,2018,3,9,21:00,-21.6,,-23.6,,84,,0,,7,,12,,,,98.88,,,,-30,,NA
-133.5,68.75,TRAIL VALLEY,220N005,09/03/2018 22:00,2018,3,9,22:00,-21.6,,-23.6,,84,,0,,6,,10,,,,98.91,,,,-29,,NA
-133.5,68.75,TRAIL VALLEY,220N005,09/03/2018 23:00,2018,3,9,23:00,-23.3,,-25.5,,82,,0,,4,,13,,,,98.95,,,,-32,,NA
-133.5,68.75,TRAIL VALLEY,220N005,10/03/2018 00:00,2018,3,10,00:00,-23.6,,-25.7,,83,,0,,4,,10,,,,98.99,,,,-32,,NA
-133.5,68.75,TRAIL VALLEY,220N005,10/03/2018 01:00,2018,3,10,01:00,-25.3,,-27.7,,80,,0,,36,,15,,,,99.06,,,,-36,,NA
-133.5,68.75,TRAIL VALLEY,220N005,10/03/2018 02:00,2018,3,10,02:00,-26.7,,-29.2,,79,,0,,31,,8,,,,99.12,,,,-34,,NA
-133.5,68.75,TRAIL VALLEY,220N005,10/03/2018 03:00,2018,3,10,03:00,-26.6,,-29.2,,79,,0,,29,,8,,,,99.23,,,,-34,,NA
-133.5,68.75,TRAIL VALLEY,220N005,10/03/2018 04:00,2018,3,10,04:00,-27.5,,-30.3,,77,,0,,33,,13,,,,99.29,,,,-38,,NA
-133.5,68.75,TRAIL VALLEY,220N005,10/03/2018 05:00,2018,3,10,05:00,-25.7,,-27.9,,82,,0,,30,,10,,,,99.38,,,,-34,,NA
-133.5,68.75,TRAIL VALLEY,220N005,10/03/2018 06:00,2018,3,10,06:00,-27.5,,-30.3,,77,,0,,34,,10,,,,99.44,,,,-36,,NA
-133.5,68.75,TRAIL VALLEY,220N005,10/03/2018 07:00,2018,3,10,07:00,-24.1,,-26.5,,80,,0,,30,,6,,,,99.53,,,,-30,,NA
-133.5,68.75,TRAIL VALLEY,220N005,10/03/2018 08:00,2018,3,10,08:00,-23.4,,-25.7,,81,,0,,29,,6,,,,99.58,,,,-29,,NA
-133.5,68.75,TRAIL VALLEY,220N005,10/03/2018 09:00,2018,3,10,09:00,-21.3,,-23.4,,83,,0,,35,,7,,,,99.65,,,,-27,,NA
-133.5,68.75,TRAIL VALLEY,220N005,10/03/2018 10:00,2018,3,10,10:00,-21.2,,-23.3,,83,,0,,36,,12,,,,99.74,,,,-29,,NA
-133.5,68.75,TRAIL VALLEY,220N005,10/03/2018 11:00,2018,3,10,11:00,-21.2,,-23.4,,83,,0,,1,,10,,,,99.81,,,,-29,,NA
-133.5,68.75,TRAIL VALLEY,220N005,10/03/2018 12:00,2018,3,10,12:00,-21.2,,-23.4,,83,,0,,34,,7,,,,99.89,,,,-27,,NA
-133.5,68.75,TRAIL VALLEY,220N005,10/03/2018 13:00,2018,3,10,13:00,-21.4,,-23.7,,82,,0,,36,,5,,,,99.95,,,,-26,,NA
-133.5,68.75,TRAIL VALLEY,220N005,10/03/2018 14:00,2018,3,10,14:00,-22.1,,-24.3,,82,,0,,2,,5,,,,100.02,,,,-27,,NA
-133.5,68.75,TRAIL VALLEY,220N005,10/03/2018 15:00,2018,3,10,15:00,-21.3,,-23.6,,82,,0,,31,,3,,,,100.08,,,,-24,,NA
-133.5,68.75,TRAIL VALLEY,220N005,10/03/2018 16:00,2018,3,10,16:00,-21.6,,-23.9,,81,,0,,1,,5,,,,100.14,,,,-26,,NA
-133.5,68.75,TRAIL VALLEY,220N005,10/03/2018 17:00,2018,3,10,17:00,-21.4,,-23.7,,82,,0,,35,,3,,,,100.17,,,,-24,,NA
-133.5,68.75,TRAIL VALLEY,220N005,10/03/2018 18:00,2018,3,10,18:00,-21.2,,-23.5,,82,,0,,33,,3,,,,100.22,,,,-24,,NA
-133.5,68.75,TRAIL VALLEY,220N005,10/03/2018 19:00,2018,3,10,19:00,-21.3,,-23.6,,82,,0,,2,,5,,,,100.23,,,,-26,,NA
-133.5,68.75,TRAIL VALLEY,220N005,10/03/2018 20:00,2018,3,10,20:00,-21.6,,-23.7,,83,,0,,1,,9,,,,100.28,,,,-29,,NA
-133.5,68.75,TRAIL VALLEY,220N005,10/03/2018 21:00,2018,3,10,21:00,-21,,-23,,84,,0,,36,,3,,,,100.33,,,,-24,,NA
-133.5,68.75,TRAIL VALLEY,220N005,10/03/2018 22:00,2018,3,10,22:00,-21.4,,-23.5,,83,,0,,2,,9,,,,100.36,,,,-28,,NA
-133.5,68.75,TRAIL VALLEY,220N005,10/03/2018 23:00,2018,3,10,23:00,-21.4,,-23.5,,83,,0,,4,,8,,,,100.38,,,,-28,,NA
-133.5,68.75,TRAIL VALLEY,220N005,11/03/2018 00:00,2018,3,11,00:00,-21.4,,-23.5,,83,,0,,5,,11,,,,100.39,,,,-29,,NA
-133.5,68.75,TRAIL VALLEY,220N005,11/03/2018 01:00,2018,3,11,01:00,-22,,-24.2,,82,,0,,6,,8,,,,100.41,,,,-29,,NA
-133.5,68.75,TRAIL VALLEY,220N005,11/03/2018 02:00,2018,3,11,02:00,-22.1,,-24.3,,83,,0,,3,,7,,,,100.45,,,,-28,,NA
-133.5,68.75,TRAIL VALLEY,220N005,11/03/2018 03:00,2018,3,11,03:00,-22.6,,-24.7,,83,,0,,3,,6,,,,100.48,,,,-28,,NA
-133.5,68.75,TRAIL VALLEY,220N005,11/03/2018 04:00,2018,3,11,04:00,-23.5,,-25.8,,81,,0,,5,,6,,,,100.49,,,,-29,,NA
-133.5,68.75,TRAIL VALLEY,220N005,11/03/2018 05:00,2018,3,11,05:00,-23.4,,-25.7,,82,,0,,6,,7,,,,100.49,,,,-30,,NA
-133.5,68.75,TRAIL VALLEY,220N005,11/03/2018 06:00,2018,3,11,06:00,-24.1,,-26.4,,82,,0,,36,,2,,,,100.51,,,,-26,,NA
-133.5,68.75,TRAIL VALLEY,220N005,11/03/2018 07:00,2018,3,11,07:00,-24,,-26.3,,81,,0,,29,,3,,,,100.5,,,,-27,,NA
-133.5,68.75,TRAIL VALLEY,220N005,11/03/2018 08:00,2018,3,11,08:00,-22.8,,-25.1,,82,,0,,11,,3,,,,100.49,,,,-26,,NA
-133.5,68.75,TRAIL VALLEY,220N005,11/03/2018 09:00,2018,3,11,09:00,-21.7,,-23.8,,83,,0,,10,,3,,,,100.5,,,,-24,,NA
-133.5,68.75,TRAIL VALLEY,220N005,11/03/2018 10:00,2018,3,11,10:00,-21.2,,-23.4,,82,,0,,8,,2,,,,100.52,,,,-23,,NA
-133.5,68.75,TRAIL VALLEY,220N005,11/03/2018 11:00,2018,3,11,11:00,-22,,-24.4,,81,,0,,34,,3,,,,100.55,,,,-25,,NA
-133.5,68.75,TRAIL VALLEY,220N005,11/03/2018 12:00,2018,3,11,12:00,-18.5,,-20.6,,84,,0,,5,,3,,,,100.54,,,,-21,,NA
-133.5,68.75,TRAIL VALLEY,220N005,11/03/2018 13:00,2018,3,11,13:00,-18.5,,-21.4,,78,,0,,13,,2,,,,100.51,,,,-20,,NA
-133.5,68.75,TRAIL VALLEY,220N005,11/03/2018 14:00,2018,3,11,14:00,-16.7,,-20.4,,73,,0,,10,,3,,,,100.5,,,,-19,,NA
-133.5,68.75,TRAIL VALLEY,220N005,11/03/2018 15:00,2018,3,11,15:00,-15.7,,-19.9,,70,,0,,12,,4,,,,100.48,,,,-19,,NA
-133.5,68.75,TRAIL VALLEY,220N005,11/03/2018 16:00,2018,3,11,16:00,-16.8,,-21.2,,69,,0,,7,,4,,,,100.44,,,,-20,,NA
-133.5,68.75,TRAIL VALLEY,220N005,11/03/2018 17:00,2018,3,11,17:00,-17.5,,-21.4,,72,,0,,5,,5,,,,100.36,,,,-21,,NA
-133.5,68.75,TRAIL VALLEY,220N005,11/03/2018 18:00,2018,3,11,18:00,-16.3,,-20.1,,72,,0,,6,,2,,,,100.29,,,,-18,,NA
-133.5,68.75,TRAIL VALLEY,220N005,11/03/2018 19:00,2018,3,11,19:00,-21.4,,-24.3,,77,,0,,36,,5,,,,100.23,,,,-26,,NA
-133.5,68.75,TRAIL VALLEY,220N005,11/03/2018 20:00,2018,3,11,20:00,-21.3,,-23.4,,83,,0,,33,,5,,,,100.17,,,,-26,,NA
-133.5,68.75,TRAIL VALLEY,220N005,11/03/2018 21:00,2018,3,11,21:00,-21.6,,-23.4,,86,,0,,31,,4,,,,100.1,,,,-25,,NA
-133.5,68.75,TRAIL VALLEY,220N005,11/03/2018 22:00,2018,3,11,22:00,-22.6,,-24.6,,84,,0,,31,,7,,,,100.02,,,,-29,,NA
-133.5,68.75,TRAIL VALLEY,220N005,11/03/2018 23:00,2018,3,11,23:00,-21.2,,-23.3,,83,,0,,31,,6,,,,99.93,,,,-26,,NA
-133.5,68.75,TRAIL VALLEY,220N005,12/03/2018 00:00,2018,3,12,00:00,-20.1,,-22.1,,84,,0,,35,,7,,,,99.84,,,,-26,,NA
-133.5,68.75,TRAIL VALLEY,220N005,12/03/2018 01:00,2018,3,12,01:00,-19.3,,-21.4,,83,,0,,2,,14,,,,99.72,,,,-28,,NA
-133.5,68.75,TRAIL VALLEY,220N005,12/03/2018 02:00,2018,3,12,02:00,-18.2,,-20.2,,85,,0,,32,,10,,,,99.66,,,,-25,,NA
-133.5,68.75,TRAIL VALLEY,220N005,12/03/2018 03:00,2018,3,12,03:00,-16.1,,-17.9,,86,,0,,1,,21,,,,99.5,,,,-26,,NA
-133.5,68.75,TRAIL VALLEY,220N005,12/03/2018 04:00,2018,3,12,04:00,-15.3,,-17.1,,86,,0,,2,,9,,,,99.49,,,,-21,,NA
-133.5,68.75,TRAIL VALLEY,220N005,12/03/2018 05:00,2018,3,12,05:00,-14.5,,-16.3,,86,,0,,2,,12,,,,99.44,,,,-21,,NA
-133.5,68.75,TRAIL VALLEY,220N005,12/03/2018 06:00,2018,3,12,06:00,-14.3,,-16,,87,,0,,36,,7,,,,99.42,,,,-19,,NA
-133.5,68.75,TRAIL VALLEY,220N005,12/03/2018 07:00,2018,3,12,07:00,-14.6,,-16.5,,86,,0,,32,,6,,,,99.4,,,,-19,,NA
-133.5,68.75,TRAIL VALLEY,220N005,12/03/2018 08:00,2018,3,12,08:00,-15,,-16.6,,87,,0,,33,,11,,,,99.39,,,,-22,,NA
-133.5,68.75,TRAIL VALLEY,220N005,12/03/2018 09:00,2018,3,12,09:00,-14.7,,-16.4,,87,,0,,32,,13,,,,99.46,,,,-22,,NA
-133.5,68.75,TRAIL VALLEY,220N005,12/03/2018 10:00,2018,3,12,10:00,-14.1,,-15.8,,87,,0,,33,,15,,,,99.48,,,,-22,,NA
-133.5,68.75,TRAIL VALLEY,220N005,12/03/2018 11:00,2018,3,12,11:00,-13.9,,-15.6,,87,,0,,34,,13,,,,99.54,,,,-21,,NA
-133.5,68.75,TRAIL VALLEY,220N005,12/03/2018 12:00,2018,3,12,12:00,-13.5,,-15.5,,85,,0,,30,,10,,,,99.62,,,,-19,,NA
-133.5,68.75,TRAIL VALLEY,220N005,12/03/2018 13:00,2018,3,12,13:00,-12.8,,-14.9,,84,,0,,29,,14,,,,99.68,,,,-20,,NA
-133.5,68.75,TRAIL VALLEY,220N005,12/03/2018 14:00,2018,3,12,14:00,-12.7,,-14.9,,84,,0,,35,,14,,,,99.75,,,,-20,,NA
-133.5,68.75,TRAIL VALLEY,220N005,12/03/2018 15:00,2018,3,12,15:00,-12.4,,-15.4,,78,,0,,34,,3,,,,99.83,,,,-14,,NA
-133.5,68.75,TRAIL VALLEY,220N005,12/03/2018 16:00,2018,3,12,16:00,-12.9,,-16,,78,,0,,1,,6,,,,99.89,,,,-17,,NA
-133.5,68.75,TRAIL VALLEY,220N005,12/03/2018 17:00,2018,3,12,17:00,-12,,-16.2,,71,,0,,27,,1,,,,99.98,,,,-13,,NA
-133.5,68.75,TRAIL VALLEY,220N005,12/03/2018 18:00,2018,3,12,18:00,-14,,-16.2,,84,,0,,28,,5,,,,100.07,,,,-17,,NA
-133.5,68.75,TRAIL VALLEY,220N005,12/03/2018 19:00,2018,3,12,19:00,-14.2,,-16.9,,80,,0,,15,,4,,,,100.08,,,,-17,,NA
-133.5,68.75,TRAIL VALLEY,220N005,12/03/2018 20:00,2018,3,12,20:00,-15.7,,-17.6,,86,,0,,25,,6,,,,100.1,,,,-20,,NA
-133.5,68.75,TRAIL VALLEY,220N005,12/03/2018 21:00,2018,3,12,21:00,-16.3,,-18,,87,,0,,18,,1,,,,100.15,,,,-17,,NA
-133.5,68.75,TRAIL VALLEY,220N005,12/03/2018 22:00,2018,3,12,22:00,-15.6,,-17.4,,86,,0,,18,,4,,,,100.18,,,,-19,,NA
-133.5,68.75,TRAIL VALLEY,220N005,12/03/2018 23:00,2018,3,12,23:00,-16.1,,-18.1,,85,,0,,18,,6,,,,100.18,,,,-21,,NA
-133.5,68.75,TRAIL VALLEY,220N005,13/03/2018 00:00,2018,3,13,00:00,-16.9,,-19.4,,81,,0,,11,,6,,,,100.21,,,,-21,,NA
-133.5,68.75,TRAIL VALLEY,220N005,13/03/2018 01:00,2018,3,13,01:00,-16.1,,-18.1,,85,,0,,6,,3,,,,100.26,,,,-18,,NA
-133.5,68.75,TRAIL VALLEY,220N005,13/03/2018 02:00,2018,3,13,02:00,-17,,-18.6,,88,,0,,14,,6,,,,100.26,,,,-22,,NA
-133.5,68.75,TRAIL VALLEY,220N005,13/03/2018 03:00,2018,3,13,03:00,-14.7,,-16.2,,89,,0,,15,,6,,,,100.28,,,,-19,,NA
-133.5,68.75,TRAIL VALLEY,220N005,13/03/2018 04:00,2018,3,13,04:00,-15.7,,-17.4,,87,,0,,13,,5,,,,100.23,,,,-19,,NA
-133.5,68.75,TRAIL VALLEY,220N005,13/03/2018 05:00,2018,3,13,05:00,-14,,-15.1,,91,,0,,18,,6,,,,100.21,,,,-18,,NA
-133.5,68.75,TRAIL VALLEY,220N005,13/03/2018 06:00,2018,3,13,06:00,-14.7,,-16,,90,,0,,12,,3,,,,100.17,,,,-17,,NA
-133.5,68.75,TRAIL VALLEY,220N005,13/03/2018 07:00,2018,3,13,07:00,-16.3,,-17.9,,87,,0,,8,,2,,,,100.16,,,,-18,,NA
-133.5,68.75,TRAIL VALLEY,220N005,13/03/2018 08:00,2018,3,13,08:00,-15.5,,-16.9,,89,,0,,12,,3,,,,100.14,,,,-18,,NA
-133.5,68.75,TRAIL VALLEY,220N005,13/03/2018 09:00,2018,3,13,09:00,-15,,-16.7,,87,,0,,35,,6,,,,100.13,,,,-19,,NA
-133.5,68.75,TRAIL VALLEY,220N005,13/03/2018 10:00,2018,3,13,10:00,-14.9,,-17.4,,81,,0,,18,,3,,,,100.08,,,,-17,,NA
-133.5,68.75,TRAIL VALLEY,220N005,13/03/2018 11:00,2018,3,13,11:00,-12.8,,-14,,91,,0,,8,,2,,,,100.08,,,,-14,,NA
-133.5,68.75,TRAIL VALLEY,220N005,13/03/2018 12:00,2018,3,13,12:00,-12.3,,-13.7,,89,,0,,6,,5,,,,100.1,,,,-16,,NA
-133.5,68.75,TRAIL VALLEY,220N005,13/03/2018 13:00,2018,3,13,13:00,-11.7,,-14.4,,80,,0,,10,,5,,,,100.08,,,,-15,,NA
-133.5,68.75,TRAIL VALLEY,220N005,13/03/2018 14:00,2018,3,13,14:00,-10.4,,-14.4,,72,,0,,11,,3,,,,100.13,,,,-12,,NA
-133.5,68.75,TRAIL VALLEY,220N005,13/03/2018 15:00,2018,3,13,15:00,-11.1,,-14,,79,,0,,30,,3,,,,100.13,,,,-13,,NA
-133.5,68.75,TRAIL VALLEY,220N005,13/03/2018 16:00,2018,3,13,16:00,-9.9,,-12.5,,81,,0,,32,,1,,,,100.12,,,,-10,,NA
-133.5,68.75,TRAIL VALLEY,220N005,13/03/2018 17:00,2018,3,13,17:00,-10.6,,-13.3,,80,,0,,30,,2,,,,100.16,,,,-12,,NA
-133.5,68.75,TRAIL VALLEY,220N005,13/03/2018 18:00,2018,3,13,18:00,-11.6,,-13.5,,86,,0,,28,,7,,,,100.16,,,,-16,,NA
-133.5,68.75,TRAIL VALLEY,220N005,13/03/2018 19:00,2018,3,13,19:00,-11,,-12.7,,87,,0,,32,,10,,,,100.16,,,,-16,,NA
-133.5,68.75,TRAIL VALLEY,220N005,13/03/2018 20:00,2018,3,13,20:00,-12.8,,-13.8,,92,,0,,25,,2,,,,100.19,,,,-14,,NA
-133.5,68.75,TRAIL VALLEY,220N005,13/03/2018 21:00,2018,3,13,21:00,-14.3,,-15.8,,88,,0,,30,,6,,,,100.21,,,,-18,,NA
-133.5,68.75,TRAIL VALLEY,220N005,13/03/2018 22:00,2018,3,13,22:00,-13.1,,-14.2,,91,,0,,33,,7,,,,100.23,,,,-18,,NA
-133.5,68.75,TRAIL VALLEY,220N005,13/03/2018 23:00,2018,3,13,23:00,-13.7,,-15,,90,,0,,31,,5,,,,100.22,,,,-17,,NA
-133.5,68.75,TRAIL VALLEY,220N005,14/03/2018 00:00,2018,3,14,00:00,-15.9,,-17.5,,88,,0,,35,,5,,,,100.21,,,,-20,,NA
-133.5,68.75,TRAIL VALLEY,220N005,14/03/2018 01:00,2018,3,14,01:00,-16.4,,-18.1,,87,,0,,30,,2,,,,100.23,,,,-18,,NA
-133.5,68.75,TRAIL VALLEY,220N005,14/03/2018 02:00,2018,3,14,02:00,-17.1,,-18.8,,87,,0,,27,,1,,,,100.23,,,,-18,,NA
-133.5,68.75,TRAIL VALLEY,220N005,14/03/2018 03:00,2018,3,14,03:00,-17.6,,-19.3,,87,,0,,1,,1,,,,100.25,,,,-18,,NA
-133.5,68.75,TRAIL VALLEY,220N005,14/03/2018 04:00,2018,3,14,04:00,-18,,-19.7,,86,,0,,35,,4,,,,100.24,,,,-21,,NA
-133.5,68.75,TRAIL VALLEY,220N005,14/03/2018 05:00,2018,3,14,05:00,-18.6,,-20.4,,86,,0,,31,,3,,,,100.19,,,,-21,,NA
-133.5,68.75,TRAIL VALLEY,220N005,14/03/2018 06:00,2018,3,14,06:00,-19.1,,-20.9,,85,,0,,28,,4,,,,100.16,,,,-22,,NA
-133.5,68.75,TRAIL VALLEY,220N005,14/03/2018 07:00,2018,3,14,07:00,-17.7,,-19.4,,87,,0,,2,,3,,,,100.1,,,,-20,,NA
-133.5,68.75,TRAIL VALLEY,220N005,14/03/2018 08:00,2018,3,14,08:00,-18.5,,-20.4,,86,,0,,3,,4,,,,100.08,,,,-22,,NA
-133.5,68.75,TRAIL VALLEY,220N005,14/03/2018 09:00,2018,3,14,09:00,-18.7,,-20.5,,86,,0,,35,,2,,,,100.06,,,,-20,,NA
-133.5,68.75,TRAIL VALLEY,220N005,14/03/2018 10:00,2018,3,14,10:00,-17,,-18.6,,87,,0,,32,,1,,,,100.07,,,,-18,,NA
-133.5,68.75,TRAIL VALLEY,220N005,14/03/2018 11:00,2018,3,14,11:00,-15.6,,-17.2,,87,,0,,0,,1,,,,100.04,,,,-16,,NA
-133.5,68.75,TRAIL VALLEY,220N005,14/03/2018 12:00,2018,3,14,12:00,-14.7,,-16.4,,86,,0,,5,,2,,,,100.02,,,,-16,,NA
-133.5,68.75,TRAIL VALLEY,220N005,14/03/2018 13:00,2018,3,14,13:00,-13.4,,-14.7,,90,,0,,35,,1,,,,99.97,,,,-14,,NA
-133.5,68.75,TRAIL VALLEY,220N005,14/03/2018 14:00,2018,3,14,14:00,-13.3,,-14.8,,88,,0,,2,,6,,,,99.93,,,,-17,,NA
-133.5,68.75,TRAIL VALLEY,220N005,14/03/2018 15:00,2018,3,14,15:00,-12,,-13.5,,88,,0,,1,,6,,,,99.89,,,,-16,,NA
-133.5,68.75,TRAIL VALLEY,220N005,14/03/2018 16:00,2018,3,14,16:00,-10.4,,-11.7,,90,,0,,2,,8,,,,99.85,,,,-15,,NA
-133.5,68.75,TRAIL VALLEY,220N005,14/03/2018 17:00,2018,3,14,17:00,-8.6,,-9.9,,90,,0,,4,,14,,,,99.74,,,,-15,,NA
-133.5,68.75,TRAIL VALLEY,220N005,14/03/2018 18:00,2018,3,14,18:00,-7.2,,-8.8,,88,,0,,6,,18,,,,99.67,,,,-14,,NA
-133.5,68.75,TRAIL VALLEY,220N005,14/03/2018 19:00,2018,3,14,19:00,-6.9,,-8.7,,87,,0,,6,,14,,,,99.64,,,,-13,,NA
-133.5,68.75,TRAIL VALLEY,220N005,14/03/2018 20:00,2018,3,14,20:00,-6.5,,-8.4,,86,,0,,9,,10,,,,99.68,,,,-11,,NA
-133.5,68.75,TRAIL VALLEY,220N005,14/03/2018 21:00,2018,3,14,21:00,-6.2,,-8.3,,85,,0,,10,,7,,,,99.68,,,,-10,,NA
-133.5,68.75,TRAIL VALLEY,220N005,14/03/2018 22:00,2018,3,14,22:00,-5.8,,-8.2,,83,,0,,12,,17,,,,99.62,,,,-12,,NA
-133.5,68.75,TRAIL VALLEY,220N005,14/03/2018 23:00,2018,3,14,23:00,-5.9,,-7.9,,86,,0,,12,,14,,,,99.6,,,,-11,,NA
-133.5,68.75,TRAIL VALLEY,220N005,15/03/2018 00:00,2018,3,15,00:00,-5.8,,-7.9,,85,,0,,12,,11,,,,99.57,,,,-11,,NA
-133.5,68.75,TRAIL VALLEY,220N005,15/03/2018 01:00,2018,3,15,01:00,-6.2,,-8,,87,,0,,12,,9,,,,99.54,,,,-10,,NA
-133.5,68.75,TRAIL VALLEY,220N005,15/03/2018 02:00,2018,3,15,02:00,-5.6,,-7.6,,86,,0,,16,,11,,,,99.52,,,,-10,,NA
-133.5,68.75,TRAIL VALLEY,220N005,15/03/2018 03:00,2018,3,15,03:00,-6,,-7.9,,86,,0,,5,,4,,,,99.52,,,,-8,,NA
-133.5,68.75,TRAIL VALLEY,220N005,15/03/2018 04:00,2018,3,15,04:00,-6.2,,-8.2,,86,,0,,14,,7,,,,99.51,,,,-10,,NA
-133.5,68.75,TRAIL VALLEY,220N005,15/03/2018 05:00,2018,3,15,05:00,-5.7,,-8,,84,,0,,17,,9,,,,99.49,,,,-10,,NA
-133.5,68.75,TRAIL VALLEY,220N005,15/03/2018 06:00,2018,3,15,06:00,-6.6,,-8.5,,86,,0,,17,,9,,,,99.49,,,,-11,,NA
-133.5,68.75,TRAIL VALLEY,220N005,15/03/2018 07:00,2018,3,15,07:00,-6.1,,-8.4,,84,,0,,25,,7,,,,99.5,,,,-9,,NA
-133.5,68.75,TRAIL VALLEY,220N005,15/03/2018 08:00,2018,3,15,08:00,-6.6,,-8.2,,88,,0,,22,,12,,,,99.48,,,,-12,,NA
-133.5,68.75,TRAIL VALLEY,220N005,15/03/2018 09:00,2018,3,15,09:00,-6.5,,-8,,89,,0,,26,,15,,,,99.47,,,,-12,,NA
-133.5,68.75,TRAIL VALLEY,220N005,15/03/2018 10:00,2018,3,15,10:00,-6.6,,-8,,90,,0,,23,,16,,,,99.46,,,,-13,,NA
-133.5,68.75,TRAIL VALLEY,220N005,15/03/2018 11:00,2018,3,15,11:00,-8.5,,-9.9,,90,,0,,27,,24,,,,99.5,,,,-17,,NA
-133.5,68.75,TRAIL VALLEY,220N005,15/03/2018 12:00,2018,3,15,12:00,-8.4,,-9.8,,90,,0,,27,,27,,,,99.53,,,,-17,,NA
-133.5,68.75,TRAIL VALLEY,220N005,15/03/2018 13:00,2018,3,15,13:00,-7.8,,-9.1,,90,,0,,28,,24,,,,99.56,,,,-16,,NA
-133.5,68.75,TRAIL VALLEY,220N005,15/03/2018 14:00,2018,3,15,14:00,-7.4,,-8.7,,90,,0,,28,,28,,,,99.61,,,,-16,,NA
-133.5,68.75,TRAIL VALLEY,220N005,15/03/2018 15:00,2018,3,15,15:00,-7.6,,-9.2,,88,,0,,28,,27,,,,99.65,,,,-16,,NA
-133.5,68.75,TRAIL VALLEY,220N005,15/03/2018 16:00,2018,3,15,16:00,-7.2,,-8.7,,89,,0,,27,,24,,,,99.7,,,,-15,,NA
-133.5,68.75,TRAIL VALLEY,220N005,15/03/2018 17:00,2018,3,15,17:00,-8,,-9.6,,89,,0,,29,,28,,,,99.72,,,,-17,,NA
-133.5,68.75,TRAIL VALLEY,220N005,15/03/2018 18:00,2018,3,15,18:00,-9.9,,-11.4,,89,,0,,30,,24,,,,99.78,,,,-18,,NA
-133.5,68.75,TRAIL VALLEY,220N005,15/03/2018 19:00,2018,3,15,19:00,-10.5,,-11.8,,90,,0,,29,,30,,,,99.82,,,,-20,,NA
-133.5,68.75,TRAIL VALLEY,220N005,15/03/2018 20:00,2018,3,15,20:00,-11,,-12.6,,88,,0,,29,,30,,,,99.9,,,,-21,,NA
-133.5,68.75,TRAIL VALLEY,220N005,15/03/2018 21:00,2018,3,15,21:00,-12.1,,-13.7,,88,,0,,30,,28,,,,99.96,,,,-22,,NA
-133.5,68.75,TRAIL VALLEY,220N005,15/03/2018 22:00,2018,3,15,22:00,-13.1,,-14.7,,88,,0,,28,,27,,,,100.01,,,,-23,,NA
-133.5,68.75,TRAIL VALLEY,220N005,15/03/2018 23:00,2018,3,15,23:00,-12.7,,-14.2,,88,,0,,28,,32,,,,100.06,,,,-23,,NA
-133.5,68.75,TRAIL VALLEY,220N005,16/03/2018 00:00,2018,3,16,00:00,-12.3,,-13.7,,89,,0,,29,,40,,,,100.09,,,,-24,,NA
-133.5,68.75,TRAIL VALLEY,220N005,16/03/2018 01:00,2018,3,16,01:00,-12.6,,-14.2,,88,,0,,30,,41,,,,100.14,,,,-24,,NA
-133.5,68.75,TRAIL VALLEY,220N005,16/03/2018 02:00,2018,3,16,02:00,-13.3,,-15,,87,,0,,29,,24,,,,100.25,,,,-23,,NA
-133.5,68.75,TRAIL VALLEY,220N005,16/03/2018 03:00,2018,3,16,03:00,-13.8,,-15.4,,88,,0,,31,,22,,,,100.3,,,,-23,,NA
-133.5,68.75,TRAIL VALLEY,220N005,16/03/2018 04:00,2018,3,16,04:00,-13.5,,-15.4,,86,,0,,28,,13,,,,100.38,,,,-20,,NA
-133.5,68.75,TRAIL VALLEY,220N005,16/03/2018 05:00,2018,3,16,05:00,-13.7,,-15.5,,86,,0,,28,,15,,,,100.43,,,,-21,,NA
-133.5,68.75,TRAIL VALLEY,220N005,16/03/2018 06:00,2018,3,16,06:00,-13.7,,-15.3,,87,,0,,26,,11,,,,100.47,,,,-20,,NA
-133.5,68.75,TRAIL VALLEY,220N005,16/03/2018 07:00,2018,3,16,07:00,-13.6,,-15.2,,88,,0,,25,,14,,,,100.53,,,,-21,,NA
-133.5,68.75,TRAIL VALLEY,220N005,16/03/2018 08:00,2018,3,16,08:00,-13.5,,-15.3,,87,,0,,27,,16,,,,100.55,,,,-21,,NA
-133.5,68.75,TRAIL VALLEY,220N005,16/03/2018 09:00,2018,3,16,09:00,-13.5,,-15.4,,86,,0,,27,,10,,,,100.56,,,,-19,,NA
-133.5,68.75,TRAIL VALLEY,220N005,16/03/2018 10:00,2018,3,16,10:00,-13.7,,-15.4,,87,,0,,27,,22,,,,100.58,,,,-23,,NA
-133.5,68.75,TRAIL VALLEY,220N005,16/03/2018 11:00,2018,3,16,11:00,-13.7,,-15.7,,85,,0,,27,,16,,,,100.6,,,,-22,,NA
-133.5,68.75,TRAIL VALLEY,220N005,16/03/2018 12:00,2018,3,16,12:00,-14,,-16.2,,83,,0,,25,,13,,,,100.63,,,,-21,,NA
-133.5,68.75,TRAIL VALLEY,220N005,16/03/2018 13:00,2018,3,16,13:00,-13.4,,-16,,81,,0,,26,,17,,,,100.63,,,,-21,,NA
-133.5,68.75,TRAIL VALLEY,220N005,16/03/2018 14:00,2018,3,16,14:00,-12.6,,-15.6,,78,,0,,26,,10,,,,100.66,,,,-18,,NA
-133.5,68.75,TRAIL VALLEY,220N005,16/03/2018 15:00,2018,3,16,15:00,-13.1,,-16.2,,77,,0,,26,,9,,,,100.65,,,,-19,,NA
-133.5,68.75,TRAIL VALLEY,220N005,16/03/2018 16:00,2018,3,16,16:00,-12.1,,-16.2,,72,,0,,25,,7,,,,100.65,,,,-16,,NA
-133.5,68.75,TRAIL VALLEY,220N005,16/03/2018 17:00,2018,3,16,17:00,-12.3,,-16.2,,73,,0,,25,,6,,,,100.65,,,,-16,,NA
-133.5,68.75,TRAIL VALLEY,220N005,16/03/2018 18:00,2018,3,16,18:00,-12.7,,-16.4,,74,,0,,26,,4,,,,100.64,,,,-15,,NA
-133.5,68.75,TRAIL VALLEY,220N005,16/03/2018 19:00,2018,3,16,19:00,-12.4,,-16.1,,74,,0,,9,,2,,,,100.62,,,,-14,,NA
-133.5,68.75,TRAIL VALLEY,220N005,16/03/2018 20:00,2018,3,16,20:00,-15.5,,-17.6,,84,,0,,13,,2,,,,100.62,,,,-17,,NA
-133.5,68.75,TRAIL VALLEY,220N005,16/03/2018 21:00,2018,3,16,21:00,-14.5,,-16.2,,87,,0,,5,,4,,,,100.61,,,,-17,,NA
-133.5,68.75,TRAIL VALLEY,220N005,16/03/2018 22:00,2018,3,16,22:00,-15.3,,-16.9,,88,,0,,2,,11,,,,100.64,,,,-22,,NA
-133.5,68.75,TRAIL VALLEY,220N005,16/03/2018 23:00,2018,3,16,23:00,-15.1,,-16.6,,88,,0,,4,,11,,,,100.62,,,,-22,,NA
-133.5,68.75,TRAIL VALLEY,220N005,17/03/2018 00:00,2018,3,17,00:00,-15.7,,-17.2,,88,,0,,2,,13,,,,100.62,,,,-23,,NA
-133.5,68.75,TRAIL VALLEY,220N005,17/03/2018 01:00,2018,3,17,01:00,-15.3,,-16.8,,88,,0.2,,3,,9,,,,100.62,,,,-21,,NA
-133.5,68.75,TRAIL VALLEY,220N005,17/03/2018 02:00,2018,3,17,02:00,-14.9,,-16.3,,89,,0.2,,3,,10,,,,100.62,,,,-21,,NA
-133.5,68.75,TRAIL VALLEY,220N005,17/03/2018 03:00,2018,3,17,03:00,-14.8,,-16.2,,89,,0.3,,2,,10,,,,100.63,,,,-21,,NA
-133.5,68.75,TRAIL VALLEY,220N005,17/03/2018 04:00,2018,3,17,04:00,-15,,-16.5,,89,,0.2,,1,,9,,,,100.66,,,,-21,,NA
-133.5,68.75,TRAIL VALLEY,220N005,17/03/2018 05:00,2018,3,17,05:00,-15,,-16.4,,89,,0,,36,,13,,,,100.71,,,,-22,,NA
-133.5,68.75,TRAIL VALLEY,220N005,17/03/2018 06:00,2018,3,17,06:00,-15.1,,-16.6,,88,,0.2,,36,,21,,,,100.75,,,,-25,,NA
-133.5,68.75,TRAIL VALLEY,220N005,17/03/2018 07:00,2018,3,17,07:00,-15.4,,-16.9,,88,,0,,36,,25,,,,100.82,,,,-26,,NA
-133.5,68.75,TRAIL VALLEY,220N005,17/03/2018 08:00,2018,3,17,08:00,-16.2,,-17.8,,88,,0,,35,,20,,,,100.92,,,,-26,,NA
-133.5,68.75,TRAIL VALLEY,220N005,17/03/2018 09:00,2018,3,17,09:00,-15.8,,-17.3,,88,,0,,34,,24,,,,100.97,,,,-26,,NA
-133.5,68.75,TRAIL VALLEY,220N005,17/03/2018 10:00,2018,3,17,10:00,-15.8,,-17.4,,87,,0,,35,,27,,,,101.07,,,,-27,,NA
-133.5,68.75,TRAIL VALLEY,220N005,17/03/2018 11:00,2018,3,17,11:00,-16.9,,-18.9,,85,,0,,35,,18,,,,101.14,,,,-26,,NA
-133.5,68.75,TRAIL VALLEY,220N005,17/03/2018 12:00,2018,3,17,12:00,-16.8,,-18.9,,83,,0,,33,,19,,,,101.18,,,,-26,,NA
-133.5,68.75,TRAIL VALLEY,220N005,17/03/2018 13:00,2018,3,17,13:00,-17.9,,-20.3,,82,,0,,32,,22,,,,101.26,,,,-28,,NA
-133.5,68.75,TRAIL VALLEY,220N005,17/03/2018 14:00,2018,3,17,14:00,-18.2,,-20.8,,80,,0,,32,,20,,,,101.31,,,,-28,,NA
-133.5,68.75,TRAIL VALLEY,220N005,17/03/2018 15:00,2018,3,17,15:00,-19,,-21.9,,78,,0,,31,,10,,,,101.37,,,,-26,,NA
-133.5,68.75,TRAIL VALLEY,220N005,17/03/2018 16:00,2018,3,17,16:00,-18.1,,-20.8,,80,,0,,31,,11,,,,101.42,,,,-25,,NA
-133.5,68.75,TRAIL VALLEY,220N005,17/03/2018 17:00,2018,3,17,17:00,-19.2,,-21.6,,81,,0,,34,,15,,,,101.45,,,,-28,,NA
-133.5,68.75,TRAIL VALLEY,220N005,17/03/2018 18:00,2018,3,17,18:00,-18.8,,-20.9,,83,,0,,32,,15,,,,101.44,,,,-28,,NA
-133.5,68.75,TRAIL VALLEY,220N005,17/03/2018 19:00,2018,3,17,19:00,-19.5,,-21.6,,84,,0,,31,,19,,,,101.48,,,,-30,,NA
-133.5,68.75,TRAIL VALLEY,220N005,17/03/2018 20:00,2018,3,17,20:00,-20.9,,-23.1,,83,,0,,30,,11,,,,101.52,,,,-29,,NA
-133.5,68.75,TRAIL VALLEY,220N005,17/03/2018 21:00,2018,3,17,21:00,-20.5,,-22.5,,84,,0,,32,,12,,,,101.53,,,,-29,,NA
-133.5,68.75,TRAIL VALLEY,220N005,17/03/2018 22:00,2018,3,17,22:00,-21.7,,-23.8,,83,,0,,32,,9,,,,101.53,,,,-29,,NA
-133.5,68.75,TRAIL VALLEY,220N005,17/03/2018 23:00,2018,3,17,23:00,-24,,-26.3,,82,,0,,27,,7,,,,101.53,,,,-30,,NA
-133.5,68.75,TRAIL VALLEY,220N005,18/03/2018 00:00,2018,3,18,00:00,-23.3,,-25.5,,82,,0.2,,26,,5,,,,101.52,,,,-28,,NA
-133.5,68.75,TRAIL VALLEY,220N005,18/03/2018 01:00,2018,3,18,01:00,-22.8,,-25.1,,82,,0,,31,,2,,,,101.49,,,,-25,,NA
-133.5,68.75,TRAIL VALLEY,220N005,18/03/2018 02:00,2018,3,18,02:00,-22.8,,-25,,82,,0,,18,,3,,,,101.46,,,,-26,,NA
-133.5,68.75,TRAIL VALLEY,220N005,18/03/2018 03:00,2018,3,18,03:00,-22.9,,-25.1,,82,,0,,18,,4,,,,101.43,,,,-27,,NA
-133.5,68.75,TRAIL VALLEY,220N005,18/03/2018 04:00,2018,3,18,04:00,-23.5,,-25.9,,81,,0,,17,,5,,,,101.42,,,,-28,,NA
-133.5,68.75,TRAIL VALLEY,220N005,18/03/2018 05:00,2018,3,18,05:00,-23.3,,-25.6,,82,,0,,17,,5,,,,101.37,,,,-28,,NA
-133.5,68.75,TRAIL VALLEY,220N005,18/03/2018 06:00,2018,3,18,06:00,-23.8,,-26.2,,81,,0,,15,,7,,,,101.34,,,,-30,,NA
-133.5,68.75,TRAIL VALLEY,220N005,18/03/2018 07:00,2018,3,18,07:00,-24,,-26.4,,81,,0,,15,,6,,,,101.29,,,,-30,,NA
-133.5,68.75,TRAIL VALLEY,220N005,18/03/2018 08:00,2018,3,18,08:00,-23.9,,-26.3,,81,,0,,14,,6,,,,101.22,,,,-30,,NA
-133.5,68.75,TRAIL VALLEY,220N005,18/03/2018 09:00,2018,3,18,09:00,-24.1,,-26.6,,80,,0,,11,,6,,,,101.17,,,,-30,,NA
-133.5,68.75,TRAIL VALLEY,220N005,18/03/2018 10:00,2018,3,18,10:00,-24.5,,-27,,80,,0,,11,,4,,,,101.15,,,,-28,,NA
-133.5,68.75,TRAIL VALLEY,220N005,18/03/2018 11:00,2018,3,18,11:00,-23.8,,-26.3,,80,,0,,11,,2,,,,101.09,,,,-26,,NA
-133.5,68.75,TRAIL VALLEY,220N005,18/03/2018 12:00,2018,3,18,12:00,-24.2,,-26.8,,79,,0,,5,,4,,,,101.06,,,,-28,,NA
-133.5,68.75,TRAIL VALLEY,220N005,18/03/2018 13:00,2018,3,18,13:00,-23.7,,-26.3,,79,,0,,5,,2,,,,101.01,,,,-26,,NA
-133.5,68.75,TRAIL VALLEY,220N005,18/03/2018 14:00,2018,3,18,14:00,-23.3,,-25.7,,81,,0,,0,,1,,,,100.99,,,,-24,,NA
-133.5,68.75,TRAIL VALLEY,220N005,18/03/2018 15:00,2018,3,18,15:00,-23,,-25.5,,80,,0,,4,,4,,,,100.92,,,,-27,,NA
-133.5,68.75,TRAIL VALLEY,220N005,18/03/2018 16:00,2018,3,18,16:00,-22.6,,-25,,81,,0,,3,,7,,,,100.87,,,,-29,,NA
-133.5,68.75,TRAIL VALLEY,220N005,18/03/2018 17:00,2018,3,18,17:00,-22.8,,-25.2,,81,,0,,4,,7,,,,100.86,,,,-29,,NA
-133.5,68.75,TRAIL VALLEY,220N005,18/03/2018 18:00,2018,3,18,18:00,-22.3,,-24.6,,82,,0,,4,,7,,,,100.85,,,,-28,,NA
-133.5,68.75,TRAIL VALLEY,220N005,18/03/2018 19:00,2018,3,18,19:00,-22.3,,-24.5,,82,,0,,4,,8,,,,100.82,,,,-29,,NA
-133.5,68.75,TRAIL VALLEY,220N005,18/03/2018 20:00,2018,3,18,20:00,-22.3,,-24.5,,82,,0,,4,,6,,,,100.77,,,,-28,,NA
-133.5,68.75,TRAIL VALLEY,220N005,18/03/2018 21:00,2018,3,18,21:00,-22.5,,-24.8,,82,,0,,1,,9,,,,100.76,,,,-30,,NA
-133.5,68.75,TRAIL VALLEY,220N005,18/03/2018 22:00,2018,3,18,22:00,-22.7,,-24.9,,82,,0,,1,,6,,,,100.75,,,,-28,,NA
-133.5,68.75,TRAIL VALLEY,220N005,18/03/2018 23:00,2018,3,18,23:00,-22.2,,-24.4,,82,,0,,2,,6,,,,100.72,,,,-28,,NA
-133.5,68.75,TRAIL VALLEY,220N005,19/03/2018 00:00,2018,3,19,00:00,-22,,-24.2,,83,,0,,3,,5,,,,100.67,,,,-27,,NA
-133.5,68.75,TRAIL VALLEY,220N005,19/03/2018 01:00,2018,3,19,01:00,-21.2,,-23.3,,83,,0,,4,,9,,,,100.66,,,,-28,,NA
-133.5,68.75,TRAIL VALLEY,220N005,19/03/2018 02:00,2018,3,19,02:00,-20.8,,-22.8,,84,,0,,3,,9,,,,100.65,,,,-28,,NA
-133.5,68.75,TRAIL VALLEY,220N005,19/03/2018 03:00,2018,3,19,03:00,-20.6,,-22.6,,84,,0,,3,,10,,,,100.65,,,,-28,,NA
-133.5,68.75,TRAIL VALLEY,220N005,19/03/2018 04:00,2018,3,19,04:00,-20.3,,-22.3,,84,,0.3,,5,,12,,,,100.63,,,,-28,,NA
-133.5,68.75,TRAIL VALLEY,220N005,19/03/2018 05:00,2018,3,19,05:00,-19.9,,-21.9,,85,,0,,4,,10,,,,100.61,,,,-27,,NA
-133.5,68.75,TRAIL VALLEY,220N005,19/03/2018 06:00,2018,3,19,06:00,-19.6,,-21.5,,85,,0.2,,5,,11,,,,100.58,,,,-27,,NA
-133.5,68.75,TRAIL VALLEY,220N005,19/03/2018 07:00,2018,3,19,07:00,-19.3,,-21.2,,85,,0,,5,,13,,,,100.58,,,,-28,,NA
-133.5,68.75,TRAIL VALLEY,220N005,19/03/2018 08:00,2018,3,19,08:00,-20.1,,-22.1,,84,,0,,4,,13,,,,100.56,,,,-29,,NA
-133.5,68.75,TRAIL VALLEY,220N005,19/03/2018 09:00,2018,3,19,09:00,-20.1,,-22.1,,84,,0,,3,,12,,,,100.56,,,,-28,,NA
-133.5,68.75,TRAIL VALLEY,220N005,19/03/2018 10:00,2018,3,19,10:00,-20.1,,-22.1,,84,,0,,2,,12,,,,100.54,,,,-28,,NA
-133.5,68.75,TRAIL VALLEY,220N005,19/03/2018 11:00,2018,3,19,11:00,-19.8,,-21.8,,84,,0,,3,,12,,,,100.53,,,,-28,,NA
-133.5,68.75,TRAIL VALLEY,220N005,19/03/2018 12:00,2018,3,19,12:00,-19.7,,-21.6,,85,,0,,2,,8,,,,100.55,,,,-26,,NA
-133.5,68.75,TRAIL VALLEY,220N005,19/03/2018 13:00,2018,3,19,13:00,-18.8,,-20.7,,85,,0,,3,,11,,,,100.53,,,,-26,,NA
-133.5,68.75,TRAIL VALLEY,220N005,19/03/2018 14:00,2018,3,19,14:00,-19.2,,-21,,86,,0,,2,,8,,,,100.56,,,,-25,,NA
-133.5,68.75,TRAIL VALLEY,220N005,19/03/2018 15:00,2018,3,19,15:00,-20.1,,-22.2,,83,,0,,33,,11,,,,100.58,,,,-28,,NA
-133.5,68.75,TRAIL VALLEY,220N005,19/03/2018 16:00,2018,3,19,16:00,-20.2,,-22.3,,84,,0,,34,,9,,,,100.57,,,,-27,,NA
-133.5,68.75,TRAIL VALLEY,220N005,19/03/2018 17:00,2018,3,19,17:00,-20.9,,-23,,83,,0,,36,,8,,,,100.59,,,,-27,,NA
-133.5,68.75,TRAIL VALLEY,220N005,19/03/2018 18:00,2018,3,19,18:00,-23.6,,-26.1,,80,,0,,1,,10,,,,100.58,,,,-32,,NA
-133.5,68.75,TRAIL VALLEY,220N005,19/03/2018 19:00,2018,3,19,19:00,-23.2,,-25.5,,81,,0.2,,34,,12,,,,100.62,,,,-32,,NA
-133.5,68.75,TRAIL VALLEY,220N005,19/03/2018 20:00,2018,3,19,20:00,-25.3,,-27.7,,80,,0,,33,,10,,,,100.64,,,,-34,,NA
-133.5,68.75,TRAIL VALLEY,220N005,19/03/2018 21:00,2018,3,19,21:00,-26.4,,-29.1,,78,,0,,28,,9,,,,100.68,,,,-34,,NA
-133.5,68.75,TRAIL VALLEY,220N005,19/03/2018 22:00,2018,3,19,22:00,-26.8,,-29.6,,78,,0,,28,,10,,,,100.69,,,,-35,,NA
-133.5,68.75,TRAIL VALLEY,220N005,19/03/2018 23:00,2018,3,19,23:00,-26.8,,-29.4,,79,,0,,28,,11,,,,100.72,,,,-36,,NA
-133.5,68.75,TRAIL VALLEY,220N005,20/03/2018 00:00,2018,3,20,00:00,-25.4,,-27.8,,80,,0,,31,,8,,,,100.75,,,,-33,,NA
-133.5,68.75,TRAIL VALLEY,220N005,20/03/2018 01:00,2018,3,20,01:00,-25.5,,-28,,79,,0,,2,,2,,,,100.75,,,,-28,,NA
-133.5,68.75,TRAIL VALLEY,220N005,20/03/2018 02:00,2018,3,20,02:00,-27,,-29.9,,77,,0,,29,,10,,,,100.79,,,,-36,,NA
-133.5,68.75,TRAIL VALLEY,220N005,20/03/2018 03:00,2018,3,20,03:00,-27.1,,-29.7,,78,,0,,30,,4,,,,100.79,,,,-31,,NA
-133.5,68.75,TRAIL VALLEY,220N005,20/03/2018 04:00,2018,3,20,04:00,-25.5,,-28.2,,78,,0,,34,,2,,,,100.83,,,,-28,,NA
-133.5,68.75,TRAIL VALLEY,220N005,20/03/2018 05:00,2018,3,20,05:00,-23.3,,-25.6,,82,,0,,29,,2,,,,100.86,,,,-25,,NA
-133.5,68.75,TRAIL VALLEY,220N005,20/03/2018 06:00,2018,3,20,06:00,-24.4,,-26.8,,80,,0,,1,,3,,,,100.88,,,,-27,,NA
-133.5,68.75,TRAIL VALLEY,220N005,20/03/2018 07:00,2018,3,20,07:00,-23.9,,-26.3,,81,,0,,5,,3,,,,100.89,,,,-27,,NA
-133.5,68.75,TRAIL VALLEY,220N005,20/03/2018 08:00,2018,3,20,08:00,-21.8,,-24,,83,,0,,34,,5,,,,100.96,,,,-26,,NA
-133.5,68.75,TRAIL VALLEY,220N005,20/03/2018 09:00,2018,3,20,09:00,-20.3,,-22.2,,84,,0,,0,,1,,,,100.97,,,,-21,,NA
-133.5,68.75,TRAIL VALLEY,220N005,20/03/2018 10:00,2018,3,20,10:00,-19.4,,-21.3,,85,,0,,0,,1,,,,101.02,,,,-20,,NA
-133.5,68.75,TRAIL VALLEY,220N005,20/03/2018 11:00,2018,3,20,11:00,-20.3,,-22.4,,84,,0,,34,,3,,,,101.06,,,,-23,,NA
-133.5,68.75,TRAIL VALLEY,220N005,20/03/2018 12:00,2018,3,20,12:00,-16,,-17,,92,,0,,1,,2,,,,101.12,,,,-17,,NA
-133.5,68.75,TRAIL VALLEY,220N005,20/03/2018 13:00,2018,3,20,13:00,-17.2,,-18.9,,87,,0,,30,,2,,,,101.19,,,,-19,,NA
-133.5,68.75,TRAIL VALLEY,220N005,20/03/2018 14:00,2018,3,20,14:00,-15.4,,-17.4,,84,,0,,10,,3,,,,101.26,,,,-18,,NA
-133.5,68.75,TRAIL VALLEY,220N005,20/03/2018 15:00,2018,3,20,15:00,-20.2,,-22,,86,,0,,35,,4,,,,101.34,,,,-24,,NA
-133.5,68.75,TRAIL VALLEY,220N005,20/03/2018 16:00,2018,3,20,16:00,-18.7,,-20.5,,86,,0,,31,,3,,,,101.42,,,,-21,,NA
-133.5,68.75,TRAIL VALLEY,220N005,20/03/2018 17:00,2018,3,20,17:00,-20.5,,-22.9,,81,,0,,28,,7,,,,101.46,,,,-26,,NA
-133.5,68.75,TRAIL VALLEY,220N005,20/03/2018 18:00,2018,3,20,18:00,-18.9,,-21,,84,,0,,27,,8,,,,101.52,,,,-25,,NA
-133.5,68.75,TRAIL VALLEY,220N005,20/03/2018 19:00,2018,3,20,19:00,-17.2,,-19.2,,85,,0,,30,,6,,,,101.58,,,,-22,,NA
-133.5,68.75,TRAIL VALLEY,220N005,20/03/2018 20:00,2018,3,20,20:00,-19.6,,-21.4,,85,,0,,27,,5,,,,101.66,,,,-24,,NA
-133.5,68.75,TRAIL VALLEY,220N005,20/03/2018 21:00,2018,3,20,21:00,-17,,-18.8,,86,,0,,30,,13,,,,101.73,,,,-25,,NA
-133.5,68.75,TRAIL VALLEY,220N005,20/03/2018 22:00,2018,3,20,22:00,-18.1,,-19.9,,86,,0,,31,,21,,,,101.81,,,,-28,,NA
-133.5,68.75,TRAIL VALLEY,220N005,20/03/2018 23:00,2018,3,20,23:00,-17.7,,-19.4,,87,,0,,33,,19,,,,101.87,,,,-27,,NA
-133.5,68.75,TRAIL VALLEY,220N005,21/03/2018 00:00,2018,3,21,00:00,-21.9,,-23.9,,83,,0,,32,,17,,,,101.98,,,,-32,,NA
-133.5,68.75,TRAIL VALLEY,220N005,21/03/2018 01:00,2018,3,21,01:00,-21.2,,-23.1,,85,,0,,33,,17,,,,102.04,,,,-31,,NA
-133.5,68.75,TRAIL VALLEY,220N005,21/03/2018 02:00,2018,3,21,02:00,-21.6,,-23.7,,83,,0,,32,,19,,,,102.09,,,,-32,,NA
-133.5,68.75,TRAIL VALLEY,220N005,21/03/2018 03:00,2018,3,21,03:00,-23.9,,-26.3,,81,,0,,32,,17,,,,102.17,,,,-35,,NA
-133.5,68.75,TRAIL VALLEY,220N005,21/03/2018 04:00,2018,3,21,04:00,-23.6,,-25.8,,82,,0,,33,,16,,,,102.25,,,,-34,,NA
-133.5,68.75,TRAIL VALLEY,220N005,21/03/2018 05:00,2018,3,21,05:00,-24.2,,-26.5,,81,,0,,31,,14,,,,102.32,,,,-34,,NA
-133.5,68.75,TRAIL VALLEY,220N005,21/03/2018 06:00,2018,3,21,06:00,-23.9,,-26.1,,82,,0,,30,,9,,,,102.39,,,,-31,,NA
-133.5,68.75,TRAIL VALLEY,220N005,21/03/2018 07:00,2018,3,21,07:00,-25,,-27.5,,79,,0,,27,,9,,,,102.48,,,,-33,,NA
-133.5,68.75,TRAIL VALLEY,220N005,21/03/2018 08:00,2018,3,21,08:00,-22.9,,-25,,83,,0,,27,,7,,,,102.55,,,,-29,,NA
-133.5,68.75,TRAIL VALLEY,220N005,21/03/2018 09:00,2018,3,21,09:00,-22.1,,-24.2,,83,,0,,27,,7,,,,102.62,,,,-28,,NA
-133.5,68.75,TRAIL VALLEY,220N005,21/03/2018 10:00,2018,3,21,10:00,-20.3,,-22.3,,84,,0,,30,,11,,,,102.69,,,,-28,,NA
-133.5,68.75,TRAIL VALLEY,220N005,21/03/2018 11:00,2018,3,21,11:00,-22.1,,-24.3,,82,,0,,31,,10,,,,102.76,,,,-30,,NA
-133.5,68.75,TRAIL VALLEY,220N005,21/03/2018 12:00,2018,3,21,12:00,-21.1,,-23.3,,82,,0,,29,,11,,,,102.83,,,,-29,,NA
-133.5,68.75,TRAIL VALLEY,220N005,21/03/2018 13:00,2018,3,21,13:00,-19.9,,-22.1,,83,,0,,30,,13,,,,102.9,,,,-28,,NA
-133.5,68.75,TRAIL VALLEY,220N005,21/03/2018 14:00,2018,3,21,14:00,-20.1,,-22.4,,82,,0,,32,,13,,,,102.94,,,,-29,,NA
-133.5,68.75,TRAIL VALLEY,220N005,21/03/2018 15:00,2018,3,21,15:00,-19.7,,-21.9,,83,,0,,31,,11,,,,102.99,,,,-27,,NA
-133.5,68.75,TRAIL VALLEY,220N005,21/03/2018 16:00,2018,3,21,16:00,-20.2,,-22.3,,83,,0,,28,,10,,,,102.99,,,,-27,,NA
-133.5,68.75,TRAIL VALLEY,220N005,21/03/2018 17:00,2018,3,21,17:00,-20.7,,-23.1,,81,,0,,28,,10,,,,102.99,,,,-28,,NA
-133.5,68.75,TRAIL VALLEY,220N005,21/03/2018 18:00,2018,3,21,18:00,-21.5,,-23.9,,81,,0,,28,,10,,,,103.02,,,,-29,,NA
-133.5,68.75,TRAIL VALLEY,220N005,21/03/2018 19:00,2018,3,21,19:00,-22.9,,-25.6,,79,,0,,26,,10,,,,103.01,,,,-31,,NA
-133.5,68.75,TRAIL VALLEY,220N005,21/03/2018 20:00,2018,3,21,20:00,-23.5,,-25.7,,82,,0,,26,,9,,,,103.02,,,,-31,,NA
-133.5,68.75,TRAIL VALLEY,220N005,21/03/2018 21:00,2018,3,21,21:00,-23.4,,-25.5,,82,,0,,25,,10,,,,102.98,,,,-31,,NA
-133.5,68.75,TRAIL VALLEY,220N005,21/03/2018 22:00,2018,3,21,22:00,-24.1,,-26.4,,81,,0,,24,,12,,,,102.96,,,,-33,,NA
-133.5,68.75,TRAIL VALLEY,220N005,21/03/2018 23:00,2018,3,21,23:00,-21.8,,-24,,83,,0,,23,,13,,,,102.91,,,,-31,,NA
-133.5,68.75,TRAIL VALLEY,220N005,22/03/2018 00:00,2018,3,22,00:00,-21,,-23.5,,80,,0,,22,,12,,,,102.84,,,,-29,,NA
-133.5,68.75,TRAIL VALLEY,220N005,22/03/2018 01:00,2018,3,22,01:00,-24.2,,-26.6,,80,,0,,16,,9,,,,102.78,,,,-32,,NA
-133.5,68.75,TRAIL VALLEY,220N005,22/03/2018 02:00,2018,3,22,02:00,-21.5,,-23.8,,82,,0,,24,,7,,,,102.7,,,,-27,,NA
-133.5,68.75,TRAIL VALLEY,220N005,22/03/2018 03:00,2018,3,22,03:00,-23,,-25.4,,81,,0,,8,,2,,,,102.62,,,,-25,,NA
-133.5,68.75,TRAIL VALLEY,220N005,22/03/2018 04:00,2018,3,22,04:00,-23.7,,-26.3,,79,,0,,8,,5,,,,102.54,,,,-28,,NA
-133.5,68.75,TRAIL VALLEY,220N005,22/03/2018 05:00,2018,3,22,05:00,-19.3,,-22,,79,,0,,21,,43,,,,102.37,,,,-34,,NA
-133.5,68.75,TRAIL VALLEY,220N005,22/03/2018 06:00,2018,3,22,06:00,-19.4,,-21.9,,80,,0,,21,,39,,,,102.28,,,,-33,,NA
-133.5,68.75,TRAIL VALLEY,220N005,22/03/2018 07:00,2018,3,22,07:00,-19.3,,-21.9,,80,,0,,21,,42,,,,102.2,,,,-33,,NA
-133.5,68.75,TRAIL VALLEY,220N005,22/03/2018 08:00,2018,3,22,08:00,-19.3,,-22,,79,,0,,21,,42,,,,102.12,,,,-33,,NA
-133.5,68.75,TRAIL VALLEY,220N005,22/03/2018 09:00,2018,3,22,09:00,-18.9,,-21.6,,79,,0,,21,,39,,,,102.06,,,,-33,,NA
-133.5,68.75,TRAIL VALLEY,220N005,22/03/2018 10:00,2018,3,22,10:00,-18.6,,-21.6,,77,,0.2,,22,,28,,,,102.02,,,,-30,,NA
-133.5,68.75,TRAIL VALLEY,220N005,22/03/2018 11:00,2018,3,22,11:00,-17.9,,-20.9,,77,,0,,22,,28,,,,101.97,,,,-29,,NA
-133.5,68.75,TRAIL VALLEY,220N005,22/03/2018 12:00,2018,3,22,12:00,-16.5,,-19.7,,76,,0,,21,,32,,,,101.86,,,,-28,,NA
-133.5,68.75,TRAIL VALLEY,220N005,22/03/2018 13:00,2018,3,22,13:00,-15.5,,-19.3,,72,,0,,26,,18,,,,101.83,,,,-24,,NA
-133.5,68.75,TRAIL VALLEY,220N005,22/03/2018 14:00,2018,3,22,14:00,-14.1,,-18.7,,68,,0,,25,,14,,,,101.77,,,,-22,,NA
-133.5,68.75,TRAIL VALLEY,220N005,22/03/2018 15:00,2018,3,22,15:00,-13.5,,-18.2,,67,,0,,26,,10,,,,101.75,,,,-19,,NA
-133.5,68.75,TRAIL VALLEY,220N005,22/03/2018 16:00,2018,3,22,16:00,-14.3,,-18.7,,69,,0,,29,,9,,,,101.7,,,,-20,,NA
-133.5,68.75,TRAIL VALLEY,220N005,22/03/2018 17:00,2018,3,22,17:00,-14.1,,-18.6,,69,,0,,27,,8,,,,101.68,,,,-19,,NA
-133.5,68.75,TRAIL VALLEY,220N005,22/03/2018 18:00,2018,3,22,18:00,-15.2,,-19.2,,71,,0,,25,,9,,,,101.64,,,,-21,,NA
-133.5,68.75,TRAIL VALLEY,220N005,22/03/2018 19:00,2018,3,22,19:00,-18.1,,-21.7,,73,,0,,32,,14,,,,101.64,,,,-26,,NA
-133.5,68.75,TRAIL VALLEY,220N005,22/03/2018 20:00,2018,3,22,20:00,-21.6,,-24,,81,,0,,31,,2,,,,101.71,,,,-23,,NA
-133.5,68.75,TRAIL VALLEY,220N005,22/03/2018 21:00,2018,3,22,21:00,-25,,-27.2,,82,,0,,33,,12,,,,101.71,,,,-34,,NA
-133.5,68.75,TRAIL VALLEY,220N005,22/03/2018 22:00,2018,3,22,22:00,-25.6,,-28,,80,,0,,34,,17,,,,101.75,,,,-37,,NA
-133.5,68.75,TRAIL VALLEY,220N005,22/03/2018 23:00,2018,3,22,23:00,-27,,-29.5,,79,,0,,34,,17,,,,101.78,,,,-38,,NA
-133.5,68.75,TRAIL VALLEY,220N005,23/03/2018 00:00,2018,3,23,00:00,-25.3,,-27.8,,80,,0,,33,,9,,,,101.82,,,,-33,,NA
-133.5,68.75,TRAIL VALLEY,220N005,23/03/2018 01:00,2018,3,23,01:00,-22.9,,-25.2,,82,,0,,35,,14,,,,101.84,,,,-32,,NA
-133.5,68.75,TRAIL VALLEY,220N005,23/03/2018 02:00,2018,3,23,02:00,-22.2,,-24.4,,82,,0,,34,,12,,,,101.87,,,,-31,,NA
-133.5,68.75,TRAIL VALLEY,220N005,23/03/2018 03:00,2018,3,23,03:00,-21.2,,-23.3,,83,,0,,35,,12,,,,101.9,,,,-29,,NA
-133.5,68.75,TRAIL VALLEY,220N005,23/03/2018 04:00,2018,3,23,04:00,-20.6,,-22.6,,84,,0,,35,,16,,,,101.92,,,,-30,,NA
-133.5,68.75,TRAIL VALLEY,220N005,23/03/2018 05:00,2018,3,23,05:00,-20.7,,-22.7,,84,,0,,35,,11,,,,101.93,,,,-28,,NA
-133.5,68.75,TRAIL VALLEY,220N005,23/03/2018 06:00,2018,3,23,06:00,-20.9,,-23,,84,,0,,34,,13,,,,101.94,,,,-30,,NA
-133.5,68.75,TRAIL VALLEY,220N005,23/03/2018 07:00,2018,3,23,07:00,-21.3,,-23.4,,83,,0,,36,,13,,,,102.01,,,,-30,,NA
-133.5,68.75,TRAIL VALLEY,220N005,23/03/2018 08:00,2018,3,23,08:00,-22,,-24.1,,83,,0,,36,,11,,,,102.02,,,,-30,,NA
-133.5,68.75,TRAIL VALLEY,220N005,23/03/2018 09:00,2018,3,23,09:00,-23,,-25.3,,81,,0,,34,,8,,,,102.03,,,,-30,,NA
-133.5,68.75,TRAIL VALLEY,220N005,23/03/2018 10:00,2018,3,23,10:00,-23.1,,-25.4,,82,,0,,35,,8,,,,102.07,,,,-30,,NA
-133.5,68.75,TRAIL VALLEY,220N005,23/03/2018 11:00,2018,3,23,11:00,-23,,-25.3,,82,,0,,35,,6,,,,102.06,,,,-28,,NA
-133.5,68.75,TRAIL VALLEY,220N005,23/03/2018 12:00,2018,3,23,12:00,-23.2,,-25.4,,82,,0,,35,,5,,,,102.06,,,,-28,,NA
-133.5,68.75,TRAIL VALLEY,220N005,23/03/2018 13:00,2018,3,23,13:00,-22.9,,-25.3,,81,,0,,2,,4,,,,102.06,,,,-27,,NA
-133.5,68.75,TRAIL VALLEY,220N005,23/03/2018 14:00,2018,3,23,14:00,-23,,-25.4,,81,,0,,2,,4,,,,102.04,,,,-27,,NA
-133.5,68.75,TRAIL VALLEY,220N005,23/03/2018 15:00,2018,3,23,15:00,-21.2,,-23.3,,83,,0,,5,,2,,,,102.04,,,,-23,,NA
-133.5,68.75,TRAIL VALLEY,220N005,23/03/2018 16:00,2018,3,23,16:00,-22.5,,-24.9,,80,,0,,2,,4,,,,102,,,,-26,,NA
-133.5,68.75,TRAIL VALLEY,220N005,23/03/2018 17:00,2018,3,23,17:00,-22.5,,-24.8,,82,,0,,7,,4,,,,101.96,,,,-26,,NA
-133.5,68.75,TRAIL VALLEY,220N005,23/03/2018 18:00,2018,3,23,18:00,-22.9,,-25.3,,81,,0,,36,,3,,,,101.97,,,,-26,,NA
-133.5,68.75,TRAIL VALLEY,220N005,23/03/2018 19:00,2018,3,23,19:00,-23.5,,-26,,80,,0,,4,,4,,,,101.92,,,,-27,,NA
-133.5,68.75,TRAIL VALLEY,220N005,23/03/2018 20:00,2018,3,23,20:00,-24.7,,-27.2,,79,,0,,5,,2,,,,101.91,,,,-27,,NA
-133.5,68.75,TRAIL VALLEY,220N005,23/03/2018 21:00,2018,3,23,21:00,-26.7,,-29.4,,78,,0,,1,,1,,,,101.9,,,,-28,,NA
-133.5,68.75,TRAIL VALLEY,220N005,23/03/2018 22:00,2018,3,23,22:00,-28.3,,-31.2,,76,,0,,30,,2,,,,101.87,,,,-30,,NA
-133.5,68.75,TRAIL VALLEY,220N005,23/03/2018 23:00,2018,3,23,23:00,-29.6,,-32.6,,75,,0,,29,,2,,,,101.85,,,,-32,,NA
-133.5,68.75,TRAIL VALLEY,220N005,24/03/2018 00:00,2018,3,24,00:00,-30.3,,-33.4,,74,,0,,29,,5,,,,101.82,,,,-36,,NA
-133.5,68.75,TRAIL VALLEY,220N005,24/03/2018 01:00,2018,3,24,01:00,-30.7,,-33.9,,74,,0,,30,,3,,,,101.79,,,,-34,,NA
-133.5,68.75,TRAIL VALLEY,220N005,24/03/2018 02:00,2018,3,24,02:00,-31.3,,-34.6,,73,,0,,30,,3,,,,101.77,,,,-35,,NA
-133.5,68.75,TRAIL VALLEY,220N005,24/03/2018 03:00,2018,3,24,03:00,-31.1,,-34.2,,74,,0,,28,,3,,,,101.74,,,,-35,,NA
-133.5,68.75,TRAIL VALLEY,220N005,24/03/2018 04:00,2018,3,24,04:00,-31.6,,-34.8,,73,,0,,29,,3,,,,101.72,,,,-35,,NA
-133.5,68.75,TRAIL VALLEY,220N005,24/03/2018 05:00,2018,3,24,05:00,-30.7,,-33.8,,74,,0,,27,,4,,,,101.71,,,,-35,,NA
-133.5,68.75,TRAIL VALLEY,220N005,24/03/2018 06:00,2018,3,24,06:00,-29.3,,-32.3,,75,,0,,29,,3,,,,101.69,,,,-33,,NA
-133.5,68.75,TRAIL VALLEY,220N005,24/03/2018 07:00,2018,3,24,07:00,-29.1,,-32.1,,75,,0,,28,,3,,,,101.69,,,,-32,,NA
-133.5,68.75,TRAIL VALLEY,220N005,24/03/2018 08:00,2018,3,24,08:00,-28,,-30.8,,77,,0,,28,,3,,,,101.66,,,,-31,,NA
-133.5,68.75,TRAIL VALLEY,220N005,24/03/2018 09:00,2018,3,24,09:00,-28.7,,-31.5,,77,,0,,29,,3,,,,101.64,,,,-32,,NA
-133.5,68.75,TRAIL VALLEY,220N005,24/03/2018 10:00,2018,3,24,10:00,-26.5,,-29.1,,78,,0,,32,,4,,,,101.61,,,,-31,,NA
-133.5,68.75,TRAIL VALLEY,220N005,24/03/2018 11:00,2018,3,24,11:00,-26.9,,-29.6,,78,,0,,33,,4,,,,101.58,,,,-31,,NA
-133.5,68.75,TRAIL VALLEY,220N005,24/03/2018 12:00,2018,3,24,12:00,-26.5,,-29.1,,79,,0,,34,,11,,,,101.57,,,,-35,,NA
-133.5,68.75,TRAIL VALLEY,220N005,24/03/2018 13:00,2018,3,24,13:00,-25.3,,-27.7,,80,,0,,33,,9,,,,101.56,,,,-33,,NA
-133.5,68.75,TRAIL VALLEY,220N005,24/03/2018 14:00,2018,3,24,14:00,-24.5,,-26.8,,81,,0,,36,,10,,,,101.55,,,,-33,,NA
-133.5,68.75,TRAIL VALLEY,220N005,24/03/2018 15:00,2018,3,24,15:00,-25,,-27.5,,80,,0,,36,,12,,,,101.55,,,,-34,,NA
-133.5,68.75,TRAIL VALLEY,220N005,24/03/2018 16:00,2018,3,24,16:00,-25.8,,-28.4,,79,,0,,1,,10,,,,101.55,,,,-34,,NA
-133.5,68.75,TRAIL VALLEY,220N005,24/03/2018 17:00,2018,3,24,17:00,-26.3,,-28.8,,79,,0,,34,,10,,,,101.53,,,,-35,,NA
-133.5,68.75,TRAIL VALLEY,220N005,24/03/2018 18:00,2018,3,24,18:00,-26.9,,-29.4,,79,,0,,34,,12,,,,101.53,,,,-36,,NA
-133.5,68.75,TRAIL VALLEY,220N005,24/03/2018 19:00,2018,3,24,19:00,-28.1,,-30.9,,77,,0,,34,,12,,,,101.51,,,,-38,,NA
-133.5,68.75,TRAIL VALLEY,220N005,24/03/2018 20:00,2018,3,24,20:00,-29.8,,-32.8,,75,,0,,35,,10,,,,101.52,,,,-39,,NA
-133.5,68.75,TRAIL VALLEY,220N005,24/03/2018 21:00,2018,3,24,21:00,-29.8,,-32.9,,75,,0,,34,,10,,,,101.51,,,,-39,,NA
-133.5,68.75,TRAIL VALLEY,220N005,24/03/2018 22:00,2018,3,24,22:00,-30.5,,-33.6,,74,,0,,30,,8,,,,101.48,,,,-39,,NA
-133.5,68.75,TRAIL VALLEY,220N005,24/03/2018 23:00,2018,3,24,23:00,-30.6,,-33.7,,74,,0,,30,,8,,,,101.47,,,,-39,,NA
-133.5,68.75,TRAIL VALLEY,220N005,25/03/2018 00:00,2018,3,25,00:00,-30.4,,-33.4,,74,,0,,31,,7,,,,101.45,,,,-38,,NA
-133.5,68.75,TRAIL VALLEY,220N005,25/03/2018 01:00,2018,3,25,01:00,-30.6,,-33.7,,74,,0,,31,,10,,,,101.42,,,,-40,,NA
-133.5,68.75,TRAIL VALLEY,220N005,25/03/2018 02:00,2018,3,25,02:00,-30,,-33.1,,74,,0,,27,,5,,,,101.43,,,,-36,,NA
-133.5,68.75,TRAIL VALLEY,220N005,25/03/2018 03:00,2018,3,25,03:00,-29.7,,-32.7,,75,,0,,32,,9,,,,101.4,,,,-38,,NA
-133.5,68.75,TRAIL VALLEY,220N005,25/03/2018 04:00,2018,3,25,04:00,-29.3,,-32.3,,75,,0,,29,,6,,,,101.36,,,,-36,,NA
-133.5,68.75,TRAIL VALLEY,220N005,25/03/2018 05:00,2018,3,25,05:00,-28.9,,-31.9,,75,,0,,30,,5,,,,101.33,,,,-34,,NA
-133.5,68.75,TRAIL VALLEY,220N005,25/03/2018 06:00,2018,3,25,06:00,-29.4,,-32.4,,75,,0,,29,,4,,,,101.31,,,,-34,,NA
-133.5,68.75,TRAIL VALLEY,220N005,25/03/2018 07:00,2018,3,25,07:00,-28.5,,-31.4,,76,,0,,31,,5,,,,101.31,,,,-34,,NA
-133.5,68.75,TRAIL VALLEY,220N005,25/03/2018 08:00,2018,3,25,08:00,-28.2,,-31.1,,76,,0,,29,,7,,,,101.28,,,,-35,,NA
-133.5,68.75,TRAIL VALLEY,220N005,25/03/2018 09:00,2018,3,25,09:00,-28.4,,-31.2,,77,,0,,26,,6,,,,101.26,,,,-35,,NA
-133.5,68.75,TRAIL VALLEY,220N005,25/03/2018 10:00,2018,3,25,10:00,-28,,-30.7,,77,,0,,23,,3,,,,101.25,,,,-31,,NA
-133.5,68.75,TRAIL VALLEY,220N005,25/03/2018 11:00,2018,3,25,11:00,-21.2,,-23.3,,83,,0,,24,,2,,,,101.21,,,,-23,,NA
-133.5,68.75,TRAIL VALLEY,220N005,25/03/2018 12:00,2018,3,25,12:00,-26.2,,-28.7,,80,,0,,28,,5,,,,101.18,,,,-31,,NA
-133.5,68.75,TRAIL VALLEY,220N005,25/03/2018 13:00,2018,3,25,13:00,-24.8,,-27.2,,81,,0,,27,,5,,,,101.13,,,,-30,,NA
-133.5,68.75,TRAIL VALLEY,220N005,25/03/2018 14:00,2018,3,25,14:00,-24.5,,-26.9,,80,,0,,32,,5,,,,101.16,,,,-29,,NA
-133.5,68.75,TRAIL VALLEY,220N005,25/03/2018 15:00,2018,3,25,15:00,-25.5,,-28,,80,,0,,33,,6,,,,101.15,,,,-31,,NA
-133.5,68.75,TRAIL VALLEY,220N005,25/03/2018 16:00,2018,3,25,16:00,-25.4,,-28,,79,,0,,30,,6,,,,101.14,,,,-31,,NA
-133.5,68.75,TRAIL VALLEY,220N005,25/03/2018 17:00,2018,3,25,17:00,-22.1,,-24.3,,82,,0,,29,,3,,,,101.1,,,,-25,,NA
-133.5,68.75,TRAIL VALLEY,220N005,25/03/2018 18:00,2018,3,25,18:00,-24.6,,-27.6,,76,,0,,29,,1,,,,101.06,,,,-26,,NA
-133.5,68.75,TRAIL VALLEY,220N005,25/03/2018 19:00,2018,3,25,19:00,-24.2,,-26.5,,81,,0,,0,,1,,,,101.02,,,,-25,,NA
-133.5,68.75,TRAIL VALLEY,220N005,25/03/2018 20:00,2018,3,25,20:00,-27.7,,-30.7,,75,,0,,6,,4,,,,101,,,,-32,,NA
-133.5,68.75,TRAIL VALLEY,220N005,25/03/2018 21:00,2018,3,25,21:00,-30.9,,-34,,74,,0,,12,,1,,,,100.99,,,,-32,,NA
-133.5,68.75,TRAIL VALLEY,220N005,25/03/2018 22:00,2018,3,25,22:00,-32.1,,-35.5,,72,,0,,0,,1,,,,100.96,,,,-33,,NA
-133.5,68.75,TRAIL VALLEY,220N005,25/03/2018 23:00,2018,3,25,23:00,-32.3,,-35.6,,72,,0.2,,0,,1,,,,100.93,,,,-33,,NA
-133.5,68.75,TRAIL VALLEY,220N005,26/03/2018 00:00,2018,3,26,00:00,-32.5,,-35.8,,72,,0,,15,,1,,,,100.9,,,,-34,,NA
-133.5,68.75,TRAIL VALLEY,220N005,26/03/2018 01:00,2018,3,26,01:00,,,,,,,,,,,,,,,,,,,,,
-133.5,68.75,TRAIL VALLEY,220N005,26/03/2018 02:00,2018,3,26,02:00,,,,,,,,,,,,,,,,,,,,,
-133.5,68.75,TRAIL VALLEY,220N005,26/03/2018 03:00,2018,3,26,03:00,-33.9,,-37.5,,70,,0,,23,,2,,,,100.8,,,,-36,,NA
-133.5,68.75,TRAIL VALLEY,220N005,26/03/2018 04:00,2018,3,26,04:00,-31.6,,-34.9,,73,,0,,25,,6,,,,100.79,,,,-38,,NA
-133.5,68.75,TRAIL VALLEY,220N005,26/03/2018 05:00,2018,3,26,05:00,-30.5,,-33.7,,74,,0,,25,,4,,,,100.75,,,,-35,,NA
-133.5,68.75,TRAIL VALLEY,220N005,26/03/2018 06:00,2018,3,26,06:00,-31.4,,-34.7,,73,,0,,27,,3,,,,100.72,,,,-35,,NA
-133.5,68.75,TRAIL VALLEY,220N005,26/03/2018 07:00,2018,3,26,07:00,-30,,-33.1,,74,,0,,26,,5,,,,100.69,,,,-36,,NA
-133.5,68.75,TRAIL VALLEY,220N005,26/03/2018 08:00,2018,3,26,08:00,-27.4,,-30.1,,78,,0,,27,,9,,,,100.66,,,,-36,,NA
-133.5,68.75,TRAIL VALLEY,220N005,26/03/2018 09:00,2018,3,26,09:00,-28,,-31.4,,73,,0,,7,,6,,,,100.69,,,,-34,,NA
-133.5,68.75,TRAIL VALLEY,220N005,26/03/2018 10:00,2018,3,26,10:00,-24.5,,-26.4,,85,,0,,0,,1,,,,100.67,,,,-25,,NA
-133.5,68.75,TRAIL VALLEY,220N005,26/03/2018 11:00,2018,3,26,11:00,-25.1,,-27.8,,78,,0,,26,,11,,,,100.63,,,,-34,,NA
-133.5,68.75,TRAIL VALLEY,220N005,26/03/2018 12:00,2018,3,26,12:00,-24,,-27.3,,74,,0,,26,,10,,,,100.59,,,,-32,,NA
-133.5,68.75,TRAIL VALLEY,220N005,26/03/2018 13:00,2018,3,26,13:00,-17.7,,-19.7,,85,,0,,24,,2,,,,100.57,,,,-19,,NA
-133.5,68.75,TRAIL VALLEY,220N005,26/03/2018 14:00,2018,3,26,14:00,-21.2,,-24.9,,72,,0,,21,,3,,,,100.56,,,,-24,,NA
-133.5,68.75,TRAIL VALLEY,220N005,26/03/2018 15:00,2018,3,26,15:00,-22.1,,-25.6,,73,,0,,24,,8,,,,100.53,,,,-29,,NA
-133.5,68.75,TRAIL VALLEY,220N005,26/03/2018 16:00,2018,3,26,16:00,-19.5,,-23.5,,71,,0,,16,,2,,,,100.52,,,,-21,,NA
-133.5,68.75,TRAIL VALLEY,220N005,26/03/2018 17:00,2018,3,26,17:00,-21.9,,-25.8,,70,,0,,9,,3,,,,100.48,,,,-25,,NA
-133.5,68.75,TRAIL VALLEY,220N005,26/03/2018 18:00,2018,3,26,18:00,-21.4,,-25.3,,71,,0,,15,,3,,,,100.42,,,,-24,,NA
-133.5,68.75,TRAIL VALLEY,220N005,26/03/2018 19:00,2018,3,26,19:00,-21.1,,-24.3,,75,,0,,20,,2,,,,100.41,,,,-23,,NA
-133.5,68.75,TRAIL VALLEY,220N005,26/03/2018 20:00,2018,3,26,20:00,-23.6,,-26.4,,78,,0,,0,,1,,,,100.4,,,,-25,,NA
-133.5,68.75,TRAIL VALLEY,220N005,26/03/2018 21:00,2018,3,26,21:00,-25.4,,-28.2,,77,,0,,15,,2,,,,100.4,,,,-27,,NA
-133.5,68.75,TRAIL VALLEY,220N005,26/03/2018 22:00,2018,3,26,22:00,-28.2,,-31.2,,76,,0,,24,,4,,,,100.36,,,,-33,,NA
-133.5,68.75,TRAIL VALLEY,220N005,26/03/2018 23:00,2018,3,26,23:00,-25.5,,-28.3,,78,,0,,27,,4,,,,100.37,,,,-30,,NA
-133.5,68.75,TRAIL VALLEY,220N005,27/03/2018 00:00,2018,3,27,00:00,-25.5,,-28.2,,78,,0,,25,,7,,,,100.35,,,,-32,,NA
-133.5,68.75,TRAIL VALLEY,220N005,27/03/2018 01:00,2018,3,27,01:00,-24.3,,-27.2,,76,,0,,25,,10,,,,100.34,,,,-32,,NA
-133.5,68.75,TRAIL VALLEY,220N005,27/03/2018 02:00,2018,3,27,02:00,-24.3,,-27.5,,74,,0,,24,,11,,,,100.35,,,,-33,,NA
-133.5,68.75,TRAIL VALLEY,220N005,27/03/2018 03:00,2018,3,27,03:00,-23,,-26.1,,76,,0,,24,,10,,,,100.35,,,,-31,,NA
-133.5,68.75,TRAIL VALLEY,220N005,27/03/2018 04:00,2018,3,27,04:00,-23.2,,-26.6,,74,,0,,26,,11,,,,100.38,,,,-31,,NA
-133.5,68.75,TRAIL VALLEY,220N005,27/03/2018 05:00,2018,3,27,05:00,-23.9,,-26.8,,77,,0,,0,,1,,,,100.39,,,,-25,,NA
-133.5,68.75,TRAIL VALLEY,220N005,27/03/2018 06:00,2018,3,27,06:00,-25.6,,-28.6,,76,,0,,28,,3,,,,100.42,,,,-29,,NA
-133.5,68.75,TRAIL VALLEY,220N005,27/03/2018 07:00,2018,3,27,07:00,-22.4,,-25.9,,74,,0,,27,,9,,,,100.44,,,,-30,,NA
-133.5,68.75,TRAIL VALLEY,220N005,27/03/2018 08:00,2018,3,27,08:00,-22.9,,-26.3,,74,,0,,27,,7,,,,100.45,,,,-29,,NA
-133.5,68.75,TRAIL VALLEY,220N005,27/03/2018 09:00,2018,3,27,09:00,-23.2,,-26.5,,74,,0,,28,,7,,,,100.5,,,,-29,,NA
-133.5,68.75,TRAIL VALLEY,220N005,27/03/2018 10:00,2018,3,27,10:00,-24.2,,-27.7,,73,,0,,28,,7,,,,100.54,,,,-31,,NA
-133.5,68.75,TRAIL VALLEY,220N005,27/03/2018 11:00,2018,3,27,11:00,-21.7,,-25,,75,,0,,26,,7,,,,100.6,,,,-28,,NA
-133.5,68.75,TRAIL VALLEY,220N005,27/03/2018 12:00,2018,3,27,12:00,-18.5,,-25.4,,55,,0,,0,,1,,,,100.65,,,,-19,,NA
-133.5,68.75,TRAIL VALLEY,220N005,27/03/2018 13:00,2018,3,27,13:00,-20.6,,-25.3,,65,,0,,27,,3,,,,100.7,,,,-23,,NA
-133.5,68.75,TRAIL VALLEY,220N005,27/03/2018 14:00,2018,3,27,14:00,-18.7,,-23.1,,68,,0,,31,,4,,,,100.74,,,,-22,,NA
-133.5,68.75,TRAIL VALLEY,220N005,27/03/2018 15:00,2018,3,27,15:00,-17.6,,-23.5,,60,,0,,1,,3,,,,100.8,,,,-20,,NA
-133.5,68.75,TRAIL VALLEY,220N005,27/03/2018 16:00,2018,3,27,16:00,-19.2,,-24.3,,64,,0,,1,,4,,,,100.86,,,,-23,,NA
-133.5,68.75,TRAIL VALLEY,220N005,27/03/2018 17:00,2018,3,27,17:00,-16.9,,-22.3,,63,,0,,35,,3,,,,100.91,,,,-19,,NA
-133.5,68.75,TRAIL VALLEY,220N005,27/03/2018 18:00,2018,3,27,18:00,-20.5,,-25,,67,,0,,3,,6,,,,100.96,,,,-26,,NA
-133.5,68.75,TRAIL VALLEY,220N005,27/03/2018 19:00,2018,3,27,19:00,-22.4,,-26.1,,72,,0,,4,,9,,,,101.01,,,,-30,,NA
-133.5,68.75,TRAIL VALLEY,220N005,27/03/2018 20:00,2018,3,27,20:00,-22.7,,-25.6,,77,,0,,4,,10,,,,101.05,,,,-30,,NA
-133.5,68.75,TRAIL VALLEY,220N005,27/03/2018 21:00,2018,3,27,21:00,-23,,-25.6,,80,,0,,3,,8,,,,101.11,,,,-30,,NA
-133.5,68.75,TRAIL VALLEY,220N005,27/03/2018 22:00,2018,3,27,22:00,-24.7,,-27.2,,80,,0,,3,,10,,,,101.15,,,,-33,,NA
-133.5,68.75,TRAIL VALLEY,220N005,27/03/2018 23:00,2018,3,27,23:00,-25.9,,-28.5,,79,,0,,3,,10,,,,101.21,,,,-34,,NA
-133.5,68.75,TRAIL VALLEY,220N005,28/03/2018 00:00,2018,3,28,00:00,-28.4,,-31.2,,77,,0,,2,,8,,,,101.26,,,,-36,,NA
-133.5,68.75,TRAIL VALLEY,220N005,28/03/2018 01:00,2018,3,28,01:00,-29,,-31.7,,77,,0,,1,,4,,,,101.29,,,,-33,,NA
-133.5,68.75,TRAIL VALLEY,220N005,28/03/2018 02:00,2018,3,28,02:00,-30.3,,-33.4,,74,,0,,2,,9,,,,101.34,,,,-39,,NA
-133.5,68.75,TRAIL VALLEY,220N005,28/03/2018 03:00,2018,3,28,03:00,-30.9,,-33.8,,75,,0,,31,,4,,,,101.39,,,,-35,,NA
-133.5,68.75,TRAIL VALLEY,220N005,28/03/2018 04:00,2018,3,28,04:00,-31.8,,-35,,74,,0,,1,,4,,,,101.44,,,,-36,,NA
-133.5,68.75,TRAIL VALLEY,220N005,28/03/2018 05:00,2018,3,28,05:00,-32.6,,-35.7,,74,,0,,29,,3,,,,101.48,,,,-36,,NA
-133.5,68.75,TRAIL VALLEY,220N005,28/03/2018 06:00,2018,3,28,06:00,-31.3,,-34.4,,74,,0,,6,,3,,,,101.51,,,,-35,,NA
-133.5,68.75,TRAIL VALLEY,220N005,28/03/2018 07:00,2018,3,28,07:00,-31.6,,-34.9,,73,,0,,0,,1,,,,101.55,,,,-33,,NA
-133.5,68.75,TRAIL VALLEY,220N005,28/03/2018 08:00,2018,3,28,08:00,-30.9,,-34.1,,74,,0,,4,,3,,,,101.59,,,,-34,,NA
-133.5,68.75,TRAIL VALLEY,220N005,28/03/2018 09:00,2018,3,28,09:00,-31.6,,-34.9,,73,,0,,0,,1,,,,101.63,,,,-33,,NA
-133.5,68.75,TRAIL VALLEY,220N005,28/03/2018 10:00,2018,3,28,10:00,-27.3,,-31,,70,,0,,9,,2,,,,101.67,,,,-29,,NA
-133.5,68.75,TRAIL VALLEY,220N005,28/03/2018 11:00,2018,3,28,11:00,-27.5,,-30.9,,73,,0,,10,,5,,,,101.69,,,,-33,,NA
-133.5,68.75,TRAIL VALLEY,220N005,28/03/2018 12:00,2018,3,28,12:00,-26.6,,-30.3,,71,,0,,12,,9,,,,101.74,,,,-35,,NA
-133.5,68.75,TRAIL VALLEY,220N005,28/03/2018 13:00,2018,3,28,13:00,-24.9,,-28.9,,70,,0,,12,,12,,,,101.78,,,,-34,,NA
-133.5,68.75,TRAIL VALLEY,220N005,28/03/2018 14:00,2018,3,28,14:00,-23.7,,-28.1,,67,,0,,11,,7,,,,101.81,,,,-30,,NA
-133.5,68.75,TRAIL VALLEY,220N005,28/03/2018 15:00,2018,3,28,15:00,-20.3,,-25.7,,62,,0,,10,,5,,,,101.85,,,,-25,,NA
-133.5,68.75,TRAIL VALLEY,220N005,28/03/2018 16:00,2018,3,28,16:00,-19.2,,-24.5,,63,,0,,7,,7,,,,101.88,,,,-25,,NA
-133.5,68.75,TRAIL VALLEY,220N005,28/03/2018 17:00,2018,3,28,17:00,-17.8,,-22.8,,65,,0,,12,,14,,,,101.89,,,,-26,,NA
-133.5,68.75,TRAIL VALLEY,220N005,28/03/2018 18:00,2018,3,28,18:00,-18.2,,-23.1,,65,,0,,13,,13,,,,101.9,,,,-26,,NA
-133.5,68.75,TRAIL VALLEY,220N005,28/03/2018 19:00,2018,3,28,19:00,-19,,-23.9,,65,,0,,13,,14,,,,101.91,,,,-28,,NA
-133.5,68.75,TRAIL VALLEY,220N005,28/03/2018 20:00,2018,3,28,20:00,-19.4,,-24.2,,66,,0,,15,,16,,,,101.93,,,,-29,,NA
-133.5,68.75,TRAIL VALLEY,220N005,28/03/2018 21:00,2018,3,28,21:00,-19.8,,-24.6,,65,,0,,15,,22,,,,101.96,,,,-31,,NA
-133.5,68.75,TRAIL VALLEY,220N005,28/03/2018 22:00,2018,3,28,22:00,-19.5,,-24.5,,64,,0,,16,,22,,,,101.99,,,,-30,,NA
-133.5,68.75,TRAIL VALLEY,220N005,28/03/2018 23:00,2018,3,28,23:00,-19.5,,-24.6,,64,,0,,16,,25,,,,101.99,,,,-31,,NA
-133.5,68.75,TRAIL VALLEY,220N005,29/03/2018 00:00,2018,3,29,00:00,-19.8,,-25.2,,62,,0,,16,,20,,,,102.03,,,,-30,,NA
-133.5,68.75,TRAIL VALLEY,220N005,29/03/2018 01:00,2018,3,29,01:00,-20.3,,-25.5,,63,,0,,17,,15,,,,102.06,,,,-29,,NA
-133.5,68.75,TRAIL VALLEY,220N005,29/03/2018 02:00,2018,3,29,02:00,-20.6,,-25.7,,63,,0,,16,,18,,,,102.06,,,,-31,,NA
-133.5,68.75,TRAIL VALLEY,220N005,29/03/2018 03:00,2018,3,29,03:00,-21.2,,-26,,65,,0,,18,,16,,,,102.08,,,,-31,,NA
-133.5,68.75,TRAIL VALLEY,220N005,29/03/2018 04:00,2018,3,29,04:00,-21.2,,-26.2,,64,,0,,18,,21,,,,102.09,,,,-32,,NA
-133.5,68.75,TRAIL VALLEY,220N005,29/03/2018 05:00,2018,3,29,05:00,-21.7,,-26.6,,65,,0,,16,,12,,,,102.1,,,,-30,,NA
-133.5,68.75,TRAIL VALLEY,220N005,29/03/2018 06:00,2018,3,29,06:00,-22,,-26.7,,66,,0,,18,,17,,,,102.1,,,,-32,,NA
-133.5,68.75,TRAIL VALLEY,220N005,29/03/2018 07:00,2018,3,29,07:00,-21.2,,-26.3,,64,,0,,18,,27,,,,102.09,,,,-34,,NA
-133.5,68.75,TRAIL VALLEY,220N005,29/03/2018 08:00,2018,3,29,08:00,-21.8,,-26.9,,63,,0,,20,,18,,,,102.11,,,,-32,,NA
-133.5,68.75,TRAIL VALLEY,220N005,29/03/2018 09:00,2018,3,29,09:00,-21.3,,-26.5,,63,,0,,19,,26,,,,102.08,,,,-33,,NA
-133.5,68.75,TRAIL VALLEY,220N005,29/03/2018 10:00,2018,3,29,10:00,-20.1,,-25.5,,62,,0,,18,,28,,,,102.08,,,,-32,,NA
-133.5,68.75,TRAIL VALLEY,220N005,29/03/2018 11:00,2018,3,29,11:00,-19.2,,-24.9,,60,,0,,18,,27,,,,102.07,,,,-31,,NA
-133.5,68.75,TRAIL VALLEY,220N005,29/03/2018 12:00,2018,3,29,12:00,-18.2,,-24.6,,57,,0,,17,,21,,,,102.12,,,,-28,,NA
-133.5,68.75,TRAIL VALLEY,220N005,29/03/2018 13:00,2018,3,29,13:00,-16.5,,-23.1,,57,,0,,17,,22,,,,102.08,,,,-27,,NA
-133.5,68.75,TRAIL VALLEY,220N005,29/03/2018 14:00,2018,3,29,14:00,-15.3,,-22.3,,55,,0,,16,,22,,,,102.08,,,,-25,,NA
-133.5,68.75,TRAIL VALLEY,220N005,29/03/2018 15:00,2018,3,29,15:00,-14.2,,-21.4,,55,,0,,17,,22,,,,102.07,,,,-24,,NA
-133.5,68.75,TRAIL VALLEY,220N005,29/03/2018 16:00,2018,3,29,16:00,-13.5,,-20.7,,55,,0,,16,,16,,,,102.06,,,,-21,,NA
-133.5,68.75,TRAIL VALLEY,220N005,29/03/2018 17:00,2018,3,29,17:00,-13,,-20.2,,55,,0,,16,,16,,,,102.03,,,,-21,,NA
-133.5,68.75,TRAIL VALLEY,220N005,29/03/2018 18:00,2018,3,29,18:00,-12.7,,-20.1,,54,,0,,18,,21,,,,101.99,,,,-21,,NA
-133.5,68.75,TRAIL VALLEY,220N005,29/03/2018 19:00,2018,3,29,19:00,-13.3,,-20.4,,55,,0,,18,,17,,,,101.98,,,,-21,,NA
-133.5,68.75,TRAIL VALLEY,220N005,29/03/2018 20:00,2018,3,29,20:00,-14.8,,-21.6,,56,,0,,20,,6,,,,101.99,,,,-19,,NA
-133.5,68.75,TRAIL VALLEY,220N005,29/03/2018 21:00,2018,3,29,21:00,-16.4,,-22.2,,61,,0,,19,,7,,,,101.98,,,,-21,,NA
-133.5,68.75,TRAIL VALLEY,220N005,29/03/2018 22:00,2018,3,29,22:00,-15.6,,-21.7,,60,,0,,6,,6,,,,101.98,,,,-20,,NA
-133.5,68.75,TRAIL VALLEY,220N005,29/03/2018 23:00,2018,3,29,23:00,-15.8,,-20.7,,66,,0,,21,,38,,,,101.95,,,,-28,,NA
-133.5,68.75,TRAIL VALLEY,220N005,30/03/2018 00:00,2018,3,30,00:00,-16.2,,-20.9,,67,,0,,21,,32,,,,101.96,,,,-28,,NA
-133.5,68.75,TRAIL VALLEY,220N005,30/03/2018 01:00,2018,3,30,01:00,-17.1,,-21.4,,69,,0,,21,,36,,,,101.96,,,,-30,,NA
-133.5,68.75,TRAIL VALLEY,220N005,30/03/2018 02:00,2018,3,30,02:00,-16.7,,-21.5,,67,,0,,21,,41,,,,101.94,,,,-30,,NA
-133.5,68.75,TRAIL VALLEY,220N005,30/03/2018 03:00,2018,3,30,03:00,-17,,-22.1,,64,,0,,21,,43,,,,101.94,,,,-31,,NA
-133.5,68.75,TRAIL VALLEY,220N005,30/03/2018 04:00,2018,3,30,04:00,-16.5,,-21.8,,63,,0,,22,,43,,,,101.95,,,,-30,,NA
-133.5,68.75,TRAIL VALLEY,220N005,30/03/2018 05:00,2018,3,30,05:00,-16.6,,-22.3,,61,,0,,22,,37,,,,101.98,,,,-29,,NA
-133.5,68.75,TRAIL VALLEY,220N005,30/03/2018 06:00,2018,3,30,06:00,-16.6,,-22.3,,61,,0,,23,,35,,,,102,,,,-29,,NA
-133.5,68.75,TRAIL VALLEY,220N005,30/03/2018 07:00,2018,3,30,07:00,-17.1,,-22.9,,61,,0,,24,,28,,,,102.04,,,,-28,,NA
-133.5,68.75,TRAIL VALLEY,220N005,30/03/2018 08:00,2018,3,30,08:00,-17.6,,-23.1,,62,,0,,23,,34,,,,102.05,,,,-30,,NA
-133.5,68.75,TRAIL VALLEY,220N005,30/03/2018 09:00,2018,3,30,09:00,-17.9,,-23.1,,64,,0,,25,,30,,,,102.08,,,,-30,,NA
-133.5,68.75,TRAIL VALLEY,220N005,30/03/2018 10:00,2018,3,30,10:00,-17.9,,-23.1,,64,,0,,23,,35,,,,102.09,,,,-31,,NA
-133.5,68.75,TRAIL VALLEY,220N005,30/03/2018 11:00,2018,3,30,11:00,-16.8,,-22.4,,62,,0,,25,,21,,,,102.13,,,,-27,,NA
-133.5,68.75,TRAIL VALLEY,220N005,30/03/2018 12:00,2018,3,30,12:00,-14.8,,-20.5,,62,,0,,25,,15,,,,102.17,,,,-23,,NA
-133.5,68.75,TRAIL VALLEY,220N005,30/03/2018 13:00,2018,3,30,13:00,-14.8,,-19.9,,65,,0,,23,,18,,,,102.19,,,,-23,,NA
-133.5,68.75,TRAIL VALLEY,220N005,30/03/2018 14:00,2018,3,30,14:00,-13.6,,-19.1,,63,,0,,24,,18,,,,102.2,,,,-22,,NA
-133.5,68.75,TRAIL VALLEY,220N005,30/03/2018 15:00,2018,3,30,15:00,-13,,-18.3,,64,,0,,23,,22,,,,102.2,,,,-22,,NA
-133.5,68.75,TRAIL VALLEY,220N005,30/03/2018 16:00,2018,3,30,16:00,-11.2,,-17.7,,59,,0,,24,,16,,,,102.2,,,,-18,,NA
-133.5,68.75,TRAIL VALLEY,220N005,30/03/2018 17:00,2018,3,30,17:00,-10.9,,-17.1,,60,,0,,23,,11,,,,102.22,,,,-17,,NA
-133.5,68.75,TRAIL VALLEY,220N005,30/03/2018 18:00,2018,3,30,18:00,-11,,-16.5,,64,,0,,26,,16,,,,102.21,,,,-18,,NA
-133.5,68.75,TRAIL VALLEY,220N005,30/03/2018 19:00,2018,3,30,19:00,-11.5,,-16.8,,65,,0,,26,,18,,,,102.2,,,,-19,,NA
-133.5,68.75,TRAIL VALLEY,220N005,30/03/2018 20:00,2018,3,30,20:00,-12.3,,-17.4,,66,,0,,27,,16,,,,102.2,,,,-20,,NA
-133.5,68.75,TRAIL VALLEY,220N005,30/03/2018 21:00,2018,3,30,21:00,-13.4,,-17.9,,69,,0,,27,,15,,,,102.2,,,,-21,,NA
-133.5,68.75,TRAIL VALLEY,220N005,30/03/2018 22:00,2018,3,30,22:00,-14.4,,-18.4,,72,,0,,27,,16,,,,102.21,,,,-22,,NA
-133.5,68.75,TRAIL VALLEY,220N005,30/03/2018 23:00,2018,3,30,23:00,-15,,-18.8,,73,,0,,26,,14,,,,102.22,,,,-23,,NA
-133.5,68.75,TRAIL VALLEY,220N005,31/03/2018 00:00,2018,3,31,00:00,-17.2,,-19.5,,83,,0,,26,,12,,,,102.23,,,,-25,,NA
-133.5,68.75,TRAIL VALLEY,220N005,31/03/2018 01:00,2018,3,31,01:00,-17.7,,-19.3,,87,,0,,27,,12,,,,102.21,,,,-25,,NA
-133.5,68.75,TRAIL VALLEY,220N005,31/03/2018 02:00,2018,3,31,02:00,-17.8,,-19.4,,87,,0,,27,,8,,,,102.2,,,,-24,,NA
-133.5,68.75,TRAIL VALLEY,220N005,31/03/2018 03:00,2018,3,31,03:00,-18.6,,-20.4,,86,,0,,29,,7,,,,102.19,,,,-24,,NA
-133.5,68.75,TRAIL VALLEY,220N005,31/03/2018 04:00,2018,3,31,04:00,-17.6,,-19.3,,87,,0,,27,,4,,,,102.16,,,,-21,,NA
-133.5,68.75,TRAIL VALLEY,220N005,31/03/2018 05:00,2018,3,31,05:00,-20.3,,-22.3,,84,,0,,20,,1,,,,102.14,,,,-21,,NA
-133.5,68.75,TRAIL VALLEY,220N005,31/03/2018 06:00,2018,3,31,06:00,-19.7,,-21.7,,84,,0,,27,,2,,,,102.1,,,,-21,,NA
-133.5,68.75,TRAIL VALLEY,220N005,31/03/2018 07:00,2018,3,31,07:00,-20.2,,-22.2,,84,,0,,24,,8,,,,102.08,,,,-26,,NA
-133.5,68.75,TRAIL VALLEY,220N005,31/03/2018 08:00,2018,3,31,08:00,-19.9,,-21.9,,84,,0,,28,,7,,,,102.01,,,,-26,,NA
-133.5,68.75,TRAIL VALLEY,220N005,31/03/2018 09:00,2018,3,31,09:00,-17.4,,-18.8,,89,,0,,21,,2,,,,101.98,,,,-19,,NA
-133.5,68.75,TRAIL VALLEY,220N005,31/03/2018 10:00,2018,3,31,10:00,-15.9,,-17.5,,87,,0,,21,,5,,,,101.92,,,,-20,,NA
-133.5,68.75,TRAIL VALLEY,220N005,31/03/2018 11:00,2018,3,31,11:00,-14.2,,-15.9,,87,,0,,22,,13,,,,101.86,,,,-21,,NA
-133.5,68.75,TRAIL VALLEY,220N005,31/03/2018 12:00,2018,3,31,12:00,-10.7,,-13.2,,82,,0,,24,,10,,,,101.82,,,,-16,,NA
-133.5,68.75,TRAIL VALLEY,220N005,31/03/2018 13:00,2018,3,31,13:00,-9.1,,-13.2,,72,,0,,21,,17,,,,101.76,,,,-16,,NA
-133.5,68.75,TRAIL VALLEY,220N005,31/03/2018 14:00,2018,3,31,14:00,-8.9,,-14.3,,65,,0,,20,,15,,,,101.72,,,,-15,,NA
-133.5,68.75,TRAIL VALLEY,220N005,31/03/2018 15:00,2018,3,31,15:00,-7.4,,-13.8,,60,,0,,21,,15,,,,101.67,,,,-14,,NA
-133.5,68.75,TRAIL VALLEY,220N005,31/03/2018 16:00,2018,3,31,16:00,-7.6,,-13.9,,61,,0,,22,,9,,,,101.64,,,,-12,,NA
-133.5,68.75,TRAIL VALLEY,220N005,31/03/2018 17:00,2018,3,31,17:00,-6.7,,-12.4,,64,,0,,21,,19,,,,101.55,,,,-14,,NA
-133.5,68.75,TRAIL VALLEY,220N005,31/03/2018 18:00,2018,3,31,18:00,-7.7,,-12.8,,67,,0,,21,,17,,,,101.5,,,,-14,,NA
-133.5,68.75,TRAIL VALLEY,220N005,31/03/2018 19:00,2018,3,31,19:00,-7.4,,-12.9,,65,,0,,25,,9,,,,101.43,,,,-12,,NA
-133.5,68.75,TRAIL VALLEY,220N005,31/03/2018 20:00,2018,3,31,20:00,-7.8,,-12.9,,67,,0,,26,,7,,,,101.37,,,,-11,,NA
-133.5,68.75,TRAIL VALLEY,220N005,31/03/2018 21:00,2018,3,31,21:00,-8.6,,-12.5,,73,,0,,26,,10,,,,101.31,,,,-14,,NA
-133.5,68.75,TRAIL VALLEY,220N005,31/03/2018 22:00,2018,3,31,22:00,-8.2,,-11,,80,,0,,27,,15,,,,101.26,,,,-15,,NA
-133.5,68.75,TRAIL VALLEY,220N005,31/03/2018 23:00,2018,3,31,23:00,-7.4,,-10.4,,79,,0,,27,,15,,,,101.22,,,,-14,,NA
